repetitions,orthographic_form,length
2483,rialacha,8
3752,nós,3
4975,imeachta,8
16,ú,1
493,téarma,6
524,parlaiminteach,14
27,eanáir,6
20,nóta,4
5479,don,3
12,léitheoir,9
24464,i,1
2815,gcomhréir,9
19879,le,2
601,cinntí,6
40373,na,2
3882,parlaiminte,11
6967,maidir,6
72,húsáid,6
62280,a,1
301,bhaint,6
2803,as,2
269,teanga,6
7138,atá,3
24,neodrach,8
3255,ó,1
197,thaobh,6
118,inscne,6
10727,de,2
6525,ina,3
959,cuid,4
910,doiciméad,9
1175,tá,2
78,oiriúnú,7
294,déanta,6
33801,ar,2
7954,chun,4
479,aird,4
2490,thabhairt,9
406,treoirlínte,11
68581,an,2
1803,ábhar,5
11918,sin,3
24,d’fhormheas,11
766,grúpa,5
45,ardleibhéil,11
1870,um,2
81,chomhionannas,13
28330,agus,4
71,éagsúlacht,10
129,feabhra,7
24,aontaigh,8
861,biúró,5
825,leo,3
208,bealtaine,9
84,léirmhínithe,12
1300,bhun,4
9758,riail,5
48,gcló,4
36,iodálach,8
861,clár,4
387,teideal,7
1928,feisirí,7
833,comhlachtaí,11
481,grúpaí,6
1009,polaitiúla,10
898,caibidil,8
7696,pharlaimint,11
4076,heorpa,6
1324,parlaimint,10
246,sainordú,8
70,neamhspleáchais,15
200,fíorú,5
70,ndintiúr,8
645,oifige,6
687,bhfeisirí,9
201,pribhléidí,10
253,díolúintí,9
311,díolúine,8
152,tharscaoileadh,14
1091,nósanna,7
1901,leith,5
171,reacht,6
6703,chur,4
2112,feidhme,7
661,leasanna,8
1185,airgeadais,10
185,caighdeáin,10
564,iompair,7
239,trédhearcachta,14
24,éigeantach,10
1820,rochtain,8
1253,bparlaimint,11
140,imscrúduithe,12
198,inmheánacha,11
3981,arna,4
287,seoladh,7
9564,ag,2
756,oifig,5
1788,eorpach,7
36,fhrith,6
72,chalaoise,9
59,olaf,4
69,breathnadóirí,13
383,oifigigh,8
834,cathaoirleach,13
445,sealadach,9
149,ainmniúcháin,12
1562,forálacha,9
483,ginearálta,10
280,toghadh,7
645,uachtaráin,10
54,aitheasc,8
145,tosaigh,7
870,leas,4
2066,uachtarán,9
108,gcaestóirí,10
34,noifigeach,10
34,folúntais,9
183,luath,5
52,fhoirceannadh,13
425,dualgais,8
336,comhdhéanamh,12
396,bhiúró,6
992,chomhdháil,10
1765,nuachtarán,10
1436,comhdháil,9
659,chathaoirligh,13
1012,gcoistí,7
259,dtoscaireachtaí,15
73,cuntasacht,10
428,bunú,4
277,ngrúpaí,7
683,gníomhaíochtaí,14
137,staid,5
105,dhlíthiúil,10
55,idirghrúpaí,11
234,neamhcheangailte,16
106,leithroinnt,11
189,suíochán,8
4399,sa,2
493,seomra,6
318,ii,2
588,reachtacha,10
241,buiséadacha,11
3716,eile,4
2159,oibre,5
1775,choimisiúin,11
207,urraim,6
4889,do,2
34,chairt,6
607,chearta,7
257,bunúsacha,9
2815,aontais,7
1997,eorpaigh,8
191,bunús,5
782,dlí,3
117,fhíorú,6
594,cumhachtaí,10
137,tharmligean,11
145,comhréireacht,13
406,scrúdú,6
2960,dhéanamh,8
186,phrionsabal,11
208,coimhdeachta,12
1139,dhoiciméid,10
1535,faisnéis,8
499,sholáthar,9
452,ionadaíocht,11
193,gcruinnithe,11
5925,den,3
1296,chomhairle,10
403,cearta,6
269,tionscnaimh,11
160,dtabhairt,9
8262,leis,4
548,conarthaí,9
233,tionscnamh,10
3546,airteagal,9
1584,chonradh,8
849,fheidhmiú,9
1657,doiciméid,9
417,bhreithniú,10
581,thagann,7
284,bhallstáit,10
3520,choiste,7
934,tuarascálacha,13
97,simplithe,9
106,neamhreachtacha,15
333,féintionscnaimh,15
796,tuairimí,8
1144,haghaidh,8
1150,coistí,6
202,comhlachaithe,13
826,cruinnithe,10
5593,coiste,6
96,comhpháirteacha,15
91,dhréachtú,9
1043,chéad,5
1072,léamh,5
348,céim,4
77,modhnú,6
846,thogra,6
347,gnímh,5
412,reachtaigh,10
759,seasamh,7
1514,comhairle,9
2306,leasuithe,9
192,chéim,5
1057,suí,3
592,iomlánach,9
606,críche,6
408,diúltú,6
3290,ón,2
1562,gcoimisiún,10
1741,ghlacadh,8
115,leantach,8
386,obair,5
352,sheasamh,8
328,tarchur,7
66,athnuaite,9
3553,chuig,5
332,scriosta,8
853,dara,4
4785,in,2
1438,iúl,3
381,teorainneacha,13
1258,ama,3
179,fhadú,5
2050,gcoiste,7
4037,freagrach,9
545,tríú,4
1794,idir,4
329,réiteach,8
619,réitigh,7
74,chomóradh,9
322,toscaireacht,12
1004,téacs,5
544,comhpháirteach,14
928,reachtach,9
292,caibidlíochtaí,14
210,idirinstitiúideacha,19
1040,comhaontú,9
449,gcéad,5
77,ceanglais,9
36,dréachtú,8
446,gníomhartha,11
240,glactha,7
144,shíniú,6
234,gnóthaí,7
73,bunreachtúla,12
32,gnáth,5
275,athbhreithniú,13
938,b,1
1053,c,1
136,aontachais,10
481,d,1
201,tarraingt,9
806,siar,4
773,aontas,6
319,e,1
310,ballstát,8
226,sárú,4
117,phrionsabail,12
68,bhunúsacha,10
147,f,1
88,g,1
251,comhar,6
92,feabhsaithe,11
672,ballstáit,9
167,creat,5
112,ilbhliantúil,12
276,breithniú,9
23,dréachtbhuiséid,15
134,tríthaobhacha,13
218,buiséadach,10
135,buiséad,7
13778,go,2
49,cinntitheach,12
218,córas,5
32,ndóú,4
200,codanna,7
54,déag,4
125,sealadacha,10
534,urscaoileadh,12
573,choimisiún,10
834,ndáil,5
97,mbuiséad,8
131,hurscaoileadh,13
325,rialú,5
141,bhuiséid,8
202,meastacháin,11
1926,cur,3
1423,bhfeidhm,8
1091,linn,4
1043,tharraingt,10
1166,suas,4
101,chumhacht,9
110,caiteachas,10
36,thabhú,6
40,ghlanadh,8
450,toiliú,6
2145,bhaineann,9
24,hagallamh,9
70,comhpháirtithe,14
295,sóisialta,9
619,comhaontuithe,13
56,deonacha,8
69,ghrinnscrúdú,12
92,códú,4
44,athmhúnlú,9
100,tarmligthe,10
898,bearta,6
433,caidreamh,9
56,seachtrach,10
825,idirnáisiúnta,13
396,bunaithe,8
3730,gcás,4
13359,nó,2
282,fionraí,7
388,bhunú,5
120,gcomhlacht,10
577,bun,3
72,sheachtrach,11
681,thar,4
967,ceann,5
57,comhbheartas,12
140,eachtrach,9
1108,slándála,8
191,ionadaithe,10
569,speisialta,10
146,comhairliúchán,14
5627,faoi,4
131,chuimsiú,8
134,chomhbheartais,14
98,eachtraigh,10
627,moltaí,6
1360,duine,5
214,iii,3
153,trédhearcacht,13
178,gnó,3
245,ghníomhaíochtaí,15
515,phoiblí,7
279,iv,2
90,ceapacháin,10
832,tairiscint,10
46,cháinte,7
237,ainmniú,7
22,mbreithiúna,11
22,nabhcóidí,9
124,gcúirt,6
287,bhreithiúnais,13
1004,comhaltaí,9
230,cúirte,6
192,iniúchóirí,10
343,cheapadh,8
48,bhord,5
57,feidhmiúcháin,13
132,bhainc,6
118,cheannais,9
332,ráitis,6
2214,gcomhairle,10
60,mínítear,8
77,mbanc,5
203,ceannais,8
392,moladh,6
184,beartais,8
97,eacnamaíocha,12
896,ceisteanna,10
431,parlaiminteacha,15
1914,gcomhair,8
415,freagra,7
329,bhéal,5
110,maille,6
1143,díospóireacht,13
1090,tráth,5
349,gceisteanna,11
225,scríofa,7
80,ndíriú,6
859,institiúidí,11
130,bliantúla,9
824,rúin,4
408,tairiscintí,11
743,rún,3
140,díospóireachtaí,15
192,chásanna,8
237,sáruithe,8
206,daonlathas,10
245,smacht,6
234,reachta,7
113,dearbhuithe,11
802,scríbhinn,9
651,dul,3
228,eacnamaíoch,11
156,réigiún,7
376,iarrataí,8
143,gníomhaireachtaí,16
144,eorpacha,8
254,ábhair,6
36,dtarchur,8
97,cúirt,5
554,imeachtaí,9
545,os,2
573,comhair,7
270,chúirt,6
154,v,1
254,parlaimintí,11
724,náisiúnta,9
116,malartú,7
788,faisnéise,9
63,teagmhálacha,12
113,saoráidí,8
24,cómhalartacha,13
459,ghnóthaí,8
59,cosac,5
54,bparlaimintí,12
243,vi,2
130,seisiúin,8
137,páirtseisiúin,13
261,suíonna,7
68,comóradh,8
323,ionad,5
265,freastal,8
48,shuíonna,8
367,ord,3
606,dréacht,7
1230,chlár,5
1650,gan,3
1137,leasú,5
114,tíolacadh,9
81,gairid,6
114,urghnách,8
185,práinne,7
68,comhdhíospóireacht,18
420,sheoladh,8
312,teangacha,9
177,socrú,5
24,idirthréimhseach,16
166,dháileadh,9
143,leithdháileadh,14
384,labhartha,9
287,liosta,6
46,gcainteoirí,11
82,óráidí,6
5301,aon,3
46,nóiméid,7
2356,amháin,6
78,phearsanta,10
72,ghlacfar,8
3516,nach,4
108,gcomhlíontar,12
58,láithreacha,11
70,pionóis,7
27,hachomharc,10
188,inmheánach,10
188,córam,5
3259,vótáil,6
3129,síos,4
332,thairiscint,11
249,inghlacthacht,13
642,vótála,6
126,comhionannas,12
778,vótaí,5
442,prionsabail,11
5799,lena,4
441,rialaítear,10
1619,t,1
784,ndéanfar,8
2730,chuid,5
122,iomlánaigh,10
94,dheighilte,10
570,ceart,5
316,vóta,4
86,chaitheamh,10
191,chríochnaitheach,16
161,glaoch,6
221,rolla,5
310,leictreonach,12
281,ballóid,7
1470,rúnda,5
133,mínithe,7
58,díospóidí,9
34,idiragartha,11
102,pointí,6
246,oird,4
216,neamh,5
295,ais,3
181,chríochnú,9
288,atráth,6
131,taifead,7
436,poiblí,6
248,himeachtaí,10
410,miontuairiscí,13
312,téacsanna,9
209,ghlactar,8
257,focal,5
160,fhocal,6
64,closamhairc,11
212,vii,3
198,toscaireachtaí,14
82,buanchoistí,11
1016,fiosrúcháin,11
418,ionaid,6
72,dintiúr,7
79,fochoistí,9
36,biúrónna,8
166,comhordaitheoirí,16
81,scáth,5
189,rapóirtéirí,11
435,feidhmiú,8
45,iomlánacha,10
4317,is,2
341,infheidhme,10
166,idirpharlaiminteacha,20
46,tionól,6
114,comhchoistí,11
181,viii,4
336,achainíocha,11
162,achainí,7
504,fógra,5
144,hachainíocha,12
161,saoránaigh,10
181,ix,2
1230,tombudsman,10
984,ombudsman,9
214,x,1
128,ardrúnaíocht,12
125,xi,2
343,freagrachtaí,12
250,páirtithe,9
508,leibhéal,8
520,fhreagraigh,11
60,shuí,4
130,xii,3
107,xiii,4
24,ilghnéitheacha,14
58,siombailí,9
594,leagan,6
1031,amach,5
3043,n,1
95,iarscríbhinní,13
100,ceartúcháin,11
1602,iarscríbhinn,12
118,cód,3
87,d’fheisirí,10
12,coinbhleachtaí,14
104,leasa,5
310,ghinearálta,11
220,leanúint,8
1162,nuair,5
1433,á,1
82,roghnú,6
307,gcur,4
531,gclár,5
314,díospóireachta,14
3035,dá,2
442,bhforáiltear,12
471,glacadh,7
431,dheonú,6
36,mbuanchoistí,12
186,eachtracha,10
219,fhorbairt,9
24,thrádáil,8
82,buiséid,7
119,eacnamaíochta,13
205,airgeadaíochta,14
24,fhostaíocht,11
24,gcomhshaol,10
48,shláinte,8
36,shábháilteacht,14
108,bia,3
24,thionsclaíocht,14
24,thaighde,8
148,fhuinneamh,10
60,margadh,7
386,chosaint,8
30,tomhaltóra,10
182,iompar,6
24,thurasóireacht,14
86,réigiúnach,10
24,thalmhaíocht,12
36,tuaithe,7
209,xiv,3
24,iascach,7
138,xv,2
36,chultúr,7
30,oideachas,9
149,xvi,3
343,dlíthiúla,9
126,xvii,4
46,shaoirsí,8
84,sibhialta,9
48,cheartas,8
48,baile,5
75,xviii,5
60,xix,3
82,mban,4
152,xx,2
292,íogaire,7
361,íogair,6
309,mionsonraithe,13
1090,cheart,6
202,comhlíonadh,11
135,dhualgais,9
56,calaois,7
59,éilliú,6
131,ghníomhaíocht,13
49,mhídhleathach,13
242,dhéanann,8
627,dochar,6
541,gcomhphobal,11
82,chosc,5
1962,coimisiún,9
2318,cinneadh,8
379,//ce,4
89,gcumhachtaí,11
861,chomhaontú,10
173,gcaidreamh,10
917,rialachán,9
667,ce,2
479,uimh,4
284,léirmhíniú,10
52,chaighdeáin,11
124,formheas,8
107,húdarú,6
33,eoraip,6
816,láthair,7
1313,trí,3
45,chomhpháirtíocht,16
356,dearbhú,7
152,meitheamh,9
668,socruithe,9
84,praiticiúla,11
101,comhchinnteoireachta,20
45,xxi,3
133,caibidlíocht,12
171,gcomhthéacs,11
65,ghnáthnós,9
1003,í,1
207,thoghadh,8
112,gconarthaí,10
179,ionstraim,9
278,meán,4
318,fómhair,7
144,fheisirí,8
87,chomhchoiteann,14
189,dhíreach,8
60,reachtaíochta,13
24,thig,4
3685,mar,3
1192,leanas,6
12,ghairfear,9
92,dhaoine,7
24,thoghfar,8
12,членове,7
12,на,2
12,европейския,11
12,парламент,9
12,bhulgáiris,10
12,diputados,9
24,al,2
48,parlamento,10
24,europeo,7
12,spáinnis,8
36,poslanci,8
12,evropského,10
36,parlamentu,10
12,tseicis,7
12,medlemmer,9
12,af,2
18,europa,6
12,parlamentet,11
12,danmhairgis,11
12,mitglieder,10
24,des,3
12,europäischen,12
12,parlaments,10
12,ghearmáinis,11
12,euroopa,7
12,parlamendi,10
12,liikmed,7
1468,san,3
12,eastóinis,9
12,βoυλευτές,9
12,τoυ,3
12,ευρωπαϊκoύ,10
12,κoιvoβoυλίoυ,12
12,ghréigis,8
28,members,7
158,of,2
42,the,3
37,european,8
31,parliament,10
12,bhéarla,7
12,députés,7
12,au,2
30,parlement,9
18,européen,8
12,fhraincis,9
12,ghaeilge,8
12,deputati,8
12,iodáilis,8
12,eiropas,7
24,parlamenta,10
12,deputāti,8
12,laitvis,7
12,europos,7
12,nariai,6
12,liotuáinis,10
12,európai,7
12,parlamenti,10
12,képviselők,10
12,ungáiris,8
11,membri,6
12,tal,3
12,parlament,9
12,ewropew,7
12,mháltais,8
12,leden,5
24,van,3
12,het,3
12,europees,8
12,ollainnis,9
12,posłowie,8
12,europejskiego,13
12,pholainnis,10
12,deputados,9
12,ao,2
12,europeu,7
12,phortaingéilis,14
12,deputaţi,8
12,în,2
12,parlamentul,11
12,rómáinis,8
12,európskeho,10
12,tslóvaicis,10
12,evropskega,10
12,tslóivéinis,11
12,euroopan,8
12,parlamentin,11
12,jäsenet,7
12,fhionlainnis,12
12,ledamöter,9
12,av,2
12,europaparlamentet,17
12,tsualainnis,11
61,feidhmeoidh,11
81,neamhspleách,12
3830,ní,2
2930,bheidh,6
1910,siad,4
149,cheangal,8
12,teagaisc,8
1724,ná,2
124,ghlacfaidh,10
504,haon,4
32,ceangailteach,13
2444,tar,3
2465,éis,3
81,toghchán,8
436,iarrfaidh,9
2769,tuachtarán,10
236,údaráis,7
195,inniúla,7
591,mballstát,9
239,ainmneacha,10
164,tofa,4
207,mhoill,6
234,ionas,5
227,bhféadfaidh,11
920,léir,4
511,gcuid,5
45,héifeacht,9
132,oscailt,7
36,dtoghchán,9
808,am,2
766,céanna,6
97,tarraingeoidh,13
346,údarás,6
226,fhorálacha,10
470,ábhartha,8
4294,sé,2
871,orthu,5
1359,gá,2
12,neamhréireacht,14
99,hoifig,6
1527,feisire,7
79,sheachaint,10
3510,déanfaidh,9
1659,mbeidh,6
48,dtoghadh,8
292,curtha,6
867,sula,4
143,nglacfaidh,10
94,suíocháin,9
323,rá,2
4767,bhfuil,6
114,seilbh,6
107,neamhréir,9
1794,réir,4
780,bhrí,4
36,d’ionstraim,11
12,olltoghchán,11
3227,déanfar,7
1198,féidir,6
217,déanaí,6
436,lá,2
967,roimh,5
689,dtí,3
54,dintiúir,8
24,fíoraithe,9
300,tugtha,6
84,díospóid,8
284,choinníoll,10
92,thuasluaite,11
84,sínithe,7
405,ré,2
12,tógfaidh,8
36,teachtfaidh,11
536,ghabhann,8
76,suitear,7
95,fhíorais,8
12,infhíoraithe,12
23,fhoinsí,7
582,fáil,4
157,phobal,6
36,d'ionstraim,11
1257,bhonn,5
145,soláthar,8
104,huachtarán,10
110,shuíomh,7
144,folúntas,8
1883,ann,3
327,tuarascála,10
24,fíoróidh,8
48,rialóidh,8
1254,sí,2
22,bhailíocht,10
54,shainordú,9
2049,gach,4
24,nuathofa,8
799,freisin,7
41,chuici,6
340,seachas,7
16,dhlíthe,7
198,toghcháin,9
3373,beidh,5
1857,tuarascáil,10
39,fhógra,6
581,oifigiúil,9
65,thorthaí,8
12,iomlána,7
4673,é,1
77,sonrófar,8
104,iarrthóirí,10
545,chomhaltaí,10
24,rangú,5
107,torthaí,7
429,fhéadfar,8
118,bailíocht,9
64,sainordaithe,12
57,dhaingniú,9
1021,mura,4
1941,rud,3
775,ndéantar,8
83,éilítear,8
870,faoin,5
4229,seo,3
4442,féadfaidh,9
66,bith,4
34,gceapfar,8
112,gheall,6
44,áiritheoidh,11
1188,gur,3
37,tharla,6
21,tarraingtí,10
316,dtrácht,7
37,meon,4
307,ndéanfaidh,10
1395,fhaisnéis,9
67,d’fhéadfadh,11
131,difear,6
13,d’fheidhmiú,11
354,dualgas,7
168,gcomhaltaí,10
1689,aghaidh,7
59,léireofar,9
506,dáta,4
2221,más,3
24,dtionscnóidh,12
56,bhféadfaí,9
12,dhícháiliú,10
2413,bheith,6
933,féin,4
100,choinneáil,10
1265,eolas,5
289,rialta,6
69,gcéim,5
65,bainte,6
138,tarchuirfidh,12
200,cheist,6
1065,cuirfear,8
412,tús,3
214,tiocfaidh,9
620,deireadh,8
335,leagtar,7
2091,má,2
319,fhaigheann,10
36,bás,3
105,éiríonn,7
60,fanfaidh,8
395,faoina,6
153,éirí,4
138,éifeacht,8
1283,níos,4
730,mhí,3
300,bhfoirm,7
35,taifid,6
54,ard,3
36,rúnaí,5
184,ionadaí,7
110,bhfeisire,9
2251,mbaineann,9
1079,bhráid,6
524,láithreach,10
1245,cuirfidh,8
220,chruinniú,9
947,fháil,5
329,mheasann,8
886,méid,4
681,dtaobh,6
29,cruthú,6
30,thairis,7
13,cruthófar,9
22,léirithe,8
523,isteach,7
115,imthosca,8
100,eisceachtúla,12
393,áirithe,7
1094,háirithe,8
12,dtionóltar,10
180,páirtseisiún,12
804,mó,2
158,nár,3
16,cruthaíodh,10
100,chumas,6
397,ghrúpa,6
232,pholaitiúil,11
253,rith,4
199,bpáirtseisiún,13
610,rapóirtéir,10
200,cásanna,7
77,chúram,6
124,cúram,5
1387,cuí,3
386,mbeadh,6
165,mbreithniú,10
12,dochrach,8
679,tharchur,8
2700,iarraidh,8
557,air,3
223,uirthi,6
639,mhír,4
209,bhféadfar,9
28,chruthú,7
359,cruinniú,8
114,thionól,7
12,deacrachtaí,11
317,sonracha,8
128,dtugann,7
226,inniúil,7
243,dhlí,4
210,thoradh,7
36,neamhréireachtaí,16
48,tsainordaithe,13
36,tháinig,7
48,folamh,6
133,líonadh,7
14,cheapachán,10
61,suífidh,7
36,sannadh,7
104,bheartaíonn,11
24,d'fheisire,10
292,beartaithe,10
13,comhréir,8
75,hábhar,6
108,conclúidí,9
89,dtiocfaidh,10
596,fheisire,8
275,húdaráis,8
2386,iad,3
48,dátaí,5
395,measfar,7
266,gurb,4
273,dtagann,7
12,fholúntais,10
12,shuífidh,8
13,bhfógra,7
176,fhógairt,8
24,suíonn,6
68,bhallstát,9
316,cheana,6
102,tuairisceoidh,13
300,pháirtseisiúin,14
260,inar,4
48,dealraitheach,13
32,foirceannadh,12
12,mhíchruinneas,13
49,thoiliú,7
12,truaillithe,11
12,forchoimeádfaidh,16
166,dhearbhú,8
25,ceapachán,9
12,neamhbhailí,11
13,bprótacal,9
85,phribhléidí,11
64,pasanna,7
201,dtugtar,7
169,cead,4
12,saorghluaiseachta,17
1120,sna,3
108,eisiúint,8
259,luaithe,7
312,thugtar,7
503,dó,2
223,dteideal,8
12,chomhaid,8
187,iniúchadh,9
46,comhaid,7
96,cuntais,7
114,arb,3
673,fhéadfaidh,10
49,eisceachtaí,11
175,láimhseáil,10
94,dhiúltú,7
1317,leagtha,7
61,bhfeidhmiú,10
240,féachfaidh,10
36,príomha,7
48,hiomláine,9
36,daonlathach,11
111,chaomhnú,8
29,neamhspleáchas,14
255,áirithiú,8
683,dóibh,5
428,chomhlíonadh,12
24,iarfheisire,11
13,ghabháil,8
350,gcuirtear,9
64,bac,3
52,saorghluaiseacht,16
72,shárú,5
209,gníomhú,7
373,thionscnamh,11
672,tabharfaidh,11
2151,togra,5
224,cinnidh,7
314,réasúnaithe,11
10,molfar,6
59,nglacfar,8
59,ndiúltófar,10
104,míniú,5
283,riachtanach,11
196,thuairim,8
392,tabharfar,9
127,deis,4
444,éisteacht,9
36,fhianaise,9
24,mheasfaidh,10
720,thíolacadh,10
12,lorgaítear,10
48,tarscaoileadh,13
196,roinnt,6
12,scór,4
172,díobh,5
1213,chinneadh,9
271,leithligh,9
862,féadfar,7
594,mholadh,7
95,dtuarascáil,11
121,eisceachtúil,12
1316,feidhm,6
24,ionchúisimh,11
12,phianbhreith,12
33,ghearradh,9
12,díolmhaithe,11
286,chineál,7
12,coinneála,9
12,athchuir,8
42,bheart,6
30,chuirfeadh,10
39,cosc,4
59,gceanglaítear,13
129,láithriú,8
24,fhinnéithe,10
12,saineolacha,11
188,oibleagáid,10
91,dháta,5
36,d'fhágfadh,10
24,deacair,7
894,ráiteas,7
54,fhoirm,6
12,bhfágann,8
58,ndualgais,9
11,pharlaiminteacha,16
165,fianaise,8
202,fhaightear,10
399,nochtadh,8
563,gcásanna,8
45,luafaidh,8
216,ionann,6
48,himthosca,9
60,srian,5
477,riaracháin,10
33,fhorchur,8
12,shaorghluaiseacht,17
12,taisteal,8
127,áit,3
334,chruinnithe,11
89,tugadh,6
48,caitheadh,9
59,gcomhlíonadh,12
387,réim,4
108,gnéithe,7
121,d'airteagal,11
138,phrótacal,9
477,teacht,6
945,tuairim,7
147,inniúlacht,10
42,hiarrata,8
1782,ach,3
290,dhéanfaidh,10
12,chiontacht,10
12,éigiontacht,11
366,údar,4
344,maith,5
435,chuirtear,9
83,fiú,3
311,iarratas,8
603,aige,4
184,bhfaigheann,11
12,cháis,5
33,lae,3
347,gcuirfear,9
529,tograí,6
203,plé,3
46,teoranta,8
469,cúiseanna,9
108,bhfabhar,8
124,gcoinne,7
12,pribhléid,9
27,ceadmhach,9
245,labhairt,8
113,glacfar,7
108,dhiúltaítear,12
323,mhalairt,8
12,d'údarás,8
82,hiarraidh,9
60,fhorbairtí,10
12,rialuithe,9
74,breithiúnacha,13
364,dhéantar,8
134,gheobhaidh,10
190,tslí,4
12,oiriúnaí,8
51,dar,3
34,mbainfidh,9
352,úsáid,5
13,aitheantas,10
163,measann,7
207,ullmhú,6
1119,nithe,5
49,déileálfaidh,12
51,fíor,4
30,táscach,7
13,d'údaráis,9
165,thuas,5
23,dhéileálfar,11
12,fhiosrú,7
24,scóip,5
10,mhodhnuithe,11
187,mutatis,7
166,mutandis,8
245,cinnfidh,8
10,himchlúdaigh,12
306,bhliantúil,10
36,rialófar,8
27,cóid,4
613,tromlach,8
340,chomhdhéanann,13
524,hairteagal,10
225,gabháil,7
363,féach,5
66,slí,3
92,chuirfidh,9
26,ghníomhaíochta,14
22,gaolmhaire,10
122,léireoidh,9
12,fhrithpháirteach,16
36,luachanna,9
33,taontas,7
24,fothaithe,9
12,dhínit,6
60,bhainfidh,9
59,bonn,4
69,réidh,5
59,ghnó,4
12,suaimhneas,10
265,cheann,6
24,d'áitribh,9
74,comhlíonfaidh,13
67,ndéileáiltear,13
46,d’fhéadfaí,10
28,hé,2
111,leanfaidh,9
103,rialach,7
201,baint,5
12,bhríomhaireacht,15
22,ndíospóireachtaí,16
12,shaoirse,8
36,cainte,6
13,lánurraim,9
82,shainchumais,12
277,shlí,4
12,súile,5
183,soiléir,7
38,gcearta,7
129,oibleagáidí,11
24,nduine,6
337,pharlaimintigh,14
228,caestóirí,9
770,líon,4
82,uasta,5
68,cúntóirí,8
95,chlárú,6
6,creidiúnaithe,13
150,fhreagracht,11
114,suaitheantais,13
30,fhadtéarmach,12
692,daoine,6
22,áiteanna,8
54,lasmuigh,8
12,d’institiúidí,13
121,bailí,5
375,feadh,5
832,tréimhse,8
405,bhliain,7
56,athnuachan,10
126,suaitheantas,12
28,bhíthin,7
249,chomhaontaithe,14
241,eagraíochtaí,12
76,féinfhostaithe,14
171,bheartais,9
644,ae,2
60,oibríonn,8
163,heagraíochtaí,13
153,cé,2
58,clárú,5
24,uathoibríoch,12
1624,sórt,4
206,mian,4
155,áitreabh,8
21,minic,5
297,raon,4
59,áitiúla,7
86,thugann,7
204,cúnamh,6
873,mór,3
6,shíníonn,8
6,gcaidrimh,9
223,urramú,6
180,gcomhaontú,10
82,hoibleagáidí,12
243,léi,3
527,mhéid,5
987,acu,3
152,sealbhóir,9
12,argóintí,8
32,suntasacha,10
54,ciontach,8
135,tromchúiseach,13
1210,mír,3
235,ardrúnaí,8
31,iarfheisirí,11
474,dhéanfar,8
36,idirdhealú,10
15,hiarfheisirí,12
56,coiteanna,9
467,idirinstitiúideach,18
36,himscrúduithe,13
68,ndéanamh,8
164,iontu,5
12,reáchtáil,9
148,éascú,5
126,conradh,7
23,aontachas,9
99,stáit,5
38,aontaithe,9
120,comhionann,10
12,leithdháilfear,14
169,stát,4
508,dhiaidh,7
275,measc,5
469,glacfaidh,9
268,páirt,5
124,fad,3
68,chonartha,9
33,feitheamh,9
74,poist,5
114,rannpháirtíocht,15
113,chóir,5
224,chuirfear,9
12,asamhlú,7
12,gcóir,5
33,shaoráidí,9
15,haisíoc,7
12,dtabhú,6
55,bhreathnadóirí,14
11,mu,2
11,tandis,6
23,chonclúidí,10
145,eorpaí,6
23,tionóladh,9
137,nollaig,7
61,trína,5
47,leithroinntear,14
119,breise,6
27,seachtú,7
355,iarrfar,7
11,ndlí,4
21,thionóltar,10
12,sean,4
37,murab,5
240,di,2
12,seanleas,8
111,tosaíochta,10
312,d'aon,5
402,faide,5
321,rachaidh,8
120,chathaoir,9
67,dtoghtar,8
153,bhua,4
161,déanann,7
808,dtagraítear,11
133,fomhír,6
159,déantar,7
36,ardaítear,9
84,hainmniúcháin,13
956,polaitiúil,10
1120,laghad,6
207,ainmniúchán,11
187,áfach,5
35,hiarrthóirí,11
84,d’aon,5
34,gháir,5
5,hionadú,7
248,iarrthóir,9
153,rogha,5
50,glacann,7
76,thoghtar,8
29,réamhtheachtaí,14
61,ngá,3
370,chinntiú,8
66,chothrom,8
33,fhoriomlán,10
165,dtús,4
86,fógróidh,8
61,seisean,7
24,sise,4
84,bhallóid,8
49,glan,4
364,chaitear,8
107,faighte,7
33,cheathrú,8
14,bheirt,6
12,fuair,5
79,airde,5
49,comhionannais,13
97,dearbhófar,10
88,sine,4
36,fágfaidh,8
148,ansin,5
28,pháipéar,8
12,ballóide,8
412,aonair,6
119,ceithre,7
72,dhuine,6
77,dhéag,5
23,uimhriúil,9
78,lú,2
136,seolfar,7
617,coinníollacha,13
93,fágtha,6
30,leor,4
18,coibhneasta,11
122,foráil,6
50,sainráite,9
662,nua,3
12,ballóidí,8
310,gníomh,6
16,incheadaithe,12
26,ós,2
157,comhlacht,9
12,ceannasach,10
27,féideartha,10
82,mheas,5
158,tosaíocht,9
12,aoise,5
12,léifidh,7
12,teach,5
18,chinnfear,9
116,toghfaidh,9
24,cúigear,7
685,dhá,3
48,dtéarma,7
46,athraíonn,9
18,gcoláiste,9
85,dtarlaíonn,10
111,éag,3
12,fhónóidh,8
159,théarma,7
24,caestóra,8
108,toghfar,7
36,chomharba,9
36,comharba,8
95,gníomhóidh,10
39,chúigiú,7
162,thrí,4
36,pholaitiúla,11
164,cathaoirligh,12
27,leaschathaoirligh,17
216,toscaireachta,13
12,idirpharlaimintí,16
12,sealbhóra,9
1551,laistigh,8
307,gceist,6
150,mí,2
49,thrian,6
3,sáraíonn,8
82,chóid,5
21,rinne,5
90,hoifige,7
40,tromlaigh,9
13,stiúrfaidh,10
135,gceannas,8
79,fhoráil,7
25,chiallaíonn,11
885,áirítear,8
24,iomarcach,9
122,amhail,6
22,deighilte,9
60,ghlaoch,7
75,deimhin,7
12,follasach,9
39,fada,4
12,tromaí,6
33,tí,2
91,bhforáil,8
72,deara,5
24,théacsanna,10
401,déanamh,7
12,dála,4
827,amhlaidh,8
142,lorg,4
159,dhúnadh,7
150,cheisteanna,11
24,chomhréireacht,14
92,cainteoirí,10
24,ghairm,6
56,chumarsáid,10
78,chucu,5
87,ndíospóireacht,14
129,achoimre,8
12,fhillfidh,9
13,thart,5
34,ócáidí,6
24,searmanais,10
36,shonracha,9
242,sonrach,7
12,ceannas,7
117,comhdhéanta,11
161,d'uachtarán,11
69,gcáil,5
42,chomhairleach,13
329,toradh,6
30,shanntar,8
22,eagrúcháin,10
33,heagrú,6
54,hardrúnaíochta,14
24,folaíonn,8
58,plean,5
130,bunaíochta,10
100,leagfaidh,9
416,rialacháin,10
226,oifigeach,9
120,seirbhíseach,12
59,réamhdhréacht,13
25,mheastacháin,12
498,údarú,5
12,gnátháiteanna,13
123,héisteachtaí,12
12,haistir,7
48,staidéir,8
36,cuairteanna,11
24,údaraítear,10
25,cinnfear,8
57,dteangacha,10
274,oifigiúla,9
36,úsáideann,9
467,iarrann,7
154,chéanna,7
25,gcomhaontaíonn,14
85,ceapfaidh,9
183,tardrúnaí,9
51,maoiniú,7
162,cúraimí,7
9,ndéileálfidh,12
94,sealbhóirí,10
332,gcrích,6
821,áireamh,7
204,fhoilsiú,8
341,iris,4
133,gceangal,8
28,sainiúla,8
75,chomhalta,9
56,leagfar,7
20,bealaí,6
27,slite,5
69,ainmneoidh,10
36,beirt,5
55,chaidrimh,9
93,ngníomhaíochtaí,15
12,seanpharlaiminte,16
12,bhfeidhmeoidh,13
325,comhalta,8
83,chomhthoil,10
64,tharchuirtear,13
292,chuige,6
12,vótálfar,8
12,ualaithe,8
216,ngach,5
149,eagrú,5
45,pleanáil,8
1010,hinstitiúidí,12
208,tíortha,7
37,struchtúrtha,12
36,sochaí,6
60,shibhialta,10
12,mhórthopaicí,12
247,d'fhéadfadh,11
22,áireofaí,8
36,díol,4
42,spéise,6
46,leasmhara,9
98,comhairliúcháin,15
36,gcomhchoistí,12
24,mbuantoscaireachtaí,19
74,ad,2
74,hoc,3
150,conas,5
12,leithroinnfear,14
281,díreach,7
234,mbiúró,6
103,gcruinniú,9
24,threorú,7
50,chomhall,8
51,hobair,6
77,aistriú,7
71,chló,4
63,bpobal,6
184,chúiseanna,10
279,rúndachta,9
131,gcinnfidh,9
70,heisceachtúil,13
216,míreanna,8
36,fógrófar,8
154,freagraí,8
69,láithreán,9
132,gréasáin,8
12,gcleamhnachtaí,14
15,call,4
121,ghnáth,6
62,meastóireacht,13
12,chleamhnacht,12
12,bhunaíonn,9
574,chéile,6
24,uaidh,5
12,cleamhnacht,11
12,eatarthu,8
13,séanfaidh,9
358,chás,4
101,ndearnadh,9
60,chomhdhéanamh,13
130,d'fheisirí,10
80,íosta,5
11,thiteann,8
12,tairseach,9
64,marthain,8
112,leanann,7
24,ionadaitheach,13
24,maolú,5
60,dóthain,7
12,d'amhras,8
12,drochúsáid,10
158,ainm,4
80,shonrú,6
233,foilseofar,10
218,rúnaíocht,9
24,phlean,6
94,leithreasaí,11
48,thaifeadfar,11
195,faireachán,10
423,chomh,5
40,tarmligean,10
24,gaolmhar,8
95,chumhachtaí,11
38,hiarmhairtí,11
12,dhíscaoileadh,13
85,grúpálacha,10
31,neamhoifigiúla,14
57,neamhfhoirmiúil,15
319,saincheisteanna,15
279,éagsúla,7
165,choistí,7
186,páirteach,9
87,teagmháil,9
24,tsochaí,7
484,cinn,4
33,gcúis,5
253,nglacadh,8
59,thacaíocht,10
21,lóistíochta,11
72,dearbhóidh,10
186,tacaíocht,9
44,hiarscríbhinn,13
3,ghrúpálacha,11
235,cibé,4
12,airgead,7
3,tirim,5
12,chomhchineáil,13
45,eg,2
60,rúnaíochta,10
12,chaithfí,8
23,gcuirfí,7
118,choimeád,8
83,soláthrófar,11
104,stádas,6
51,costais,7
28,chlúdach,8
18,oibreoidh,9
143,éineacht,8
99,comhoibreoidh,13
53,rannchuidiú,11
165,cláir,5
48,bhliantúla,10
36,ilbhliantúla,12
149,tráthchlár,10
160,comhaontaithe,13
1524,institiúid,10
107,práinneacha,11
47,choinne,7
251,beart,5
206,molta,5
12,moill,5
300,uile,4
58,gcairt,6
417,hiomlán,7
29,cumhdaithe,10
112,gcomhlíonann,12
181,léiriú,6
12,dhíospóideann,13
59,oiriúnacht,10
60,bhunúis,7
12,fhíoraithe,10
96,ardú,4
13,dtograí,7
183,chinneann,9
35,dhíospóid,9
147,vótálfaidh,10
66,shubstaint,10
349,athrú,5
26,dlíthúla,8
588,inghlactha,10
36,aontaíonn,9
291,fhormheas,9
92,grinnscrúdú,11
21,dtarmligtear,12
74,fhoráiltear,11
29,chuspóirí,9
169,inneachar,9
18,tarmligin,9
240,déileáil,8
102,impleachtaí,11
48,acmhainní,9
24,dóthanacha,10
99,gcreat,6
85,leasaíonn,9
12,dearlaic,8
68,ghnímh,6
24,dhearbhaítear,13
12,neamhréireach,13
81,chinntí,7
25,bhuiséadaigh,12
36,scrúdaithe,10
98,comhréireachta,14
32,sheolann,8
224,ról,3
197,tarchuirfear,12
60,ocht,4
262,seachtaine,10
49,inarb,5
83,dtuairimí,9
128,prionsabal,10
23,trian,5
59,ceathrú,7
93,gcuirfidh,9
96,ngnáthnós,9
11,simplí,6
89,dtíolacadh,10
86,thuairimí,9
24,bhforas,7
11,sáraítear,9
191,barúlacha,9
20,hurraim,7
78,thabharfaidh,12
44,ndiúltaíonn,11
79,mholtaí,7
11,fhormheasfaidh,14
77,fud,3
66,meithleacha,11
12,chomhghéilleadh,15
140,bunaidh,7
60,substaintiúil,13
157,intinn,6
15,ngníomhaíonn,12
409,chathaoirleach,14
440,ainmnithe,9
52,dréachtchinneadh,16
131,míniúcháin,10
20,dhíth,5
153,ngníomh,7
12,bráid,5
341,críochnaitheach,15
139,spriocam,8
135,shocrú,6
63,chirt,5
52,achomair,8
174,tuilleadh,9
92,gníomhaíochta,13
12,d'údar,6
130,dteannta,8
25,urramófar,9
112,hullmhú,7
12,bheartaithe,11
45,tharraingítear,14
24,iarrata,7
24,amhrais,7
25,liostaithe,10
25,ullmhúcháin,11
80,cuma,4
117,seasaimh,8
12,mbreithnithe,12
12,forlámhas,9
57,déileálfar,10
82,dtionscnamh,11
105,uachtaránacht,13
48,dtéann,6
9,fiafróidh,9
224,thuarascáil,11
48,bhfaighidh,10
75,cuspóir,7
156,thréimhse,9
48,ghearr,6
152,óna,3
150,cén,3
24,tagróidh,8
12,mbuanchomhaltaí,15
82,réasúnuithe,11
60,gearra,6
54,astu,4
144,dréachtrún,10
48,tionchair,9
226,phlé,4
48,bhformheasfar,13
165,gcuireann,9
132,deichiú,7
70,tíolacfaidh,11
12,ndréachtóidh,12
45,sraith,6
18,léirítear,9
12,chomhaontaíonn,14
20,sraithe,7
25,theorainn,9
12,réamhshocraithe,15
93,giorra,6
18,seolta,6
61,abairt,6
48,habairt,7
60,dtarraingíonn,13
59,neamhreachtach,14
48,bhuanchomhaltaí,15
149,inniúlachta,11
51,tarchurtha,10
24,gcoinnítear,11
93,chúis,5
187,lua,3
40,gcónaí,6
174,hiarrataí,9
36,leagann,7
159,agóid,5
21,iarr,4
122,shé,3
32,nglacann,8
11,dearbhaítear,12
48,dtuarascálacha,14
65,thairiscintí,12
13,malartacha,10
12,gcáilíonn,9
12,lárnaí,6
35,dtarraingítear,14
14,straitéiseach,13
23,gcritéar,8
833,iomchuí,7
36,tarchuireadh,12
36,dtosach,7
12,chloisteáil,11
137,iarradh,7
74,réasúnú,7
67,gearr,5
68,dhéileálfaidh,13
227,réimsí,6
207,freagrachta,11
161,socróidh,8
215,athruithe,9
24,fógartha,8
61,thiocfaidh,10
91,críochnaitheacha,16
538,teorainn,8
24,imithe,6
24,comhchoitinne,13
316,ceist,5
12,beagnach,8
30,comhaontóidh,12
69,coimeádfaidh,12
12,eisiaiche,9
97,inniúlachtaí,12
189,shainaithint,12
24,beachta,7
15,gcomhoibriú,11
48,easaontais,10
180,seach,5
12,eisiach,7
60,chomhlachaithe,14
21,chomhpháirteach,15
59,ndiúltóidh,10
92,luaitear,8
111,tharlaíonn,10
51,dtoscaireacht,13
12,foclaíocht,10
103,críocha,7
107,chomhaontuithe,14
8,fheidhmíonn,11
239,chuí,4
8,hurramú,7
72,chomhair,8
20,dháiríre,8
233,dtaca,5
34,thíolactar,10
24,eisiataí,8
8,neamhshuim,10
8,chéadluaite,11
55,theorainneacha,14
106,freagracht,10
5,dheighilt,9
87,tábhacht,8
81,mhór,4
12,chomhchathaoirleacht,20
5,atáthar,7
18,gcomhpháirt,11
5,rannpháirteacha,15
142,vótálacha,9
17,gcéadaoin,9
41,seachtain,9
38,leataobh,8
6,dtiocfar,8
22,chomhpháirtigh,14
9,d'éagmais,9
13,ex,2
5,officio,7
302,tabhairt,8
88,inti,4
143,tairisceana,11
52,scriosadh,9
30,luafar,6
109,theannta,8
36,toil,4
24,mhionlaigh,10
54,mionlaigh,9
208,iomláine,8
108,údair,5
12,réiteoidh,9
13,éireoidh,8
51,bhforálacha,11
68,treoir,6
42,dtarchuirfear,13
164,chuireann,9
94,mhodhnú,7
100,suntasach,9
36,dhearbhaíonn,12
12,sásta,5
106,scrúdóidh,9
24,tarraingthe,11
57,bhformheasann,13
60,molann,6
599,ba,2
36,tarchuir,8
138,tuairisc,8
42,chinnfidh,9
44,cheadú,6
98,roghanna,8
8,hathchur,8
136,níl,3
305,aici,4
152,trátha,6
97,nglactar,8
24,bhformheastar,13
283,uair,4
44,dréachtchlár,12
237,pháirtseisiún,13
35,fhógraíonn,10
66,foirmiúil,9
21,dtíolactar,10
43,míre,4
105,gcinneann,9
32,hathbhreithniú,14
60,fhéachann,9
36,chomhréiteach,13
12,cheanglaítear,13
13,théarmaí,8
29,tuairisciú,10
72,formheasta,10
39,dtéarmaí,8
23,tagartha,8
165,bhfianaise,10
21,fionraíochta,12
51,saoirse,7
149,mhaithe,7
12,gcomhréiteach,13
62,raibh,5
12,fabhrach,8
291,d'fhonn,7
12,ceannasacht,11
106,cad,3
12,thitfeadh,9
149,lár,3
12,nglacfaí,8
83,dhul,4
49,urramaítear,11
72,gealltanais,11
157,athuair,7
13,dhréachtchlár,13
11,gnáthnós,8
88,imeacht,7
12,aimsire,7
36,gcineál,7
12,faidhbe,7
69,ghlac,5
12,inmhianaithe,12
25,bheadh,6
64,thuilleadh,10
251,ndéanann,8
61,thug,4
14,ionchorprú,10
40,sainithe,8
119,airteagail,10
24,aistrithe,9
12,fógairt,7
12,thuairiscítear,14
12,éagmais,7
11,féachann,8
12,chumarsáidí,11
52,hainm,5
191,tsuí,4
137,thoscaireacht,13
12,d'idir,6
32,fadú,4
127,huathoibríoch,13
16,dtuairim,8
337,cuireadh,8
12,gcinntear,9
66,bhí,3
24,dhara,5
120,buanchomhaltaí,14
139,diúltaithe,10
193,thromlach,9
42,gcathaoirleach,14
23,hionadaí,8
73,gcoimisinéir,12
229,comhréitigh,11
12,leasófar,8
55,chomhsheasamh,13
24,mholtar,7
12,céadaoin,8
24,tseisiúin,9
48,gaire,5
36,fhadaítear,10
12,déileáladh,10
12,túisce,6
13,fhormheasann,12
12,dhiúltaíonn,11
48,d'ainneoin,10
186,ndiaidh,7
28,bhféachtar,10
22,céad,4
12,aisiriú,7
45,comhréiteach,12
126,théacs,6
83,éagsúil,7
26,inneachair,10
42,fíoras,6
12,cúinse,6
94,dlíthiúil,9
42,tagtha,6
24,cheistiú,8
58,rinneadh,8
12,agraíodh,8
24,srianta,7
52,mairfidh,8
12,comhfhreagróidh,15
46,polaitíochta,12
72,beacht,6
24,cheapfaidh,10
44,cáis,4
140,fearr,5
12,roghnófaí,9
50,triúr,5
24,cheapfar,8
45,thoscaireachtaí,15
36,comhleanúnacha,14
248,cás,3
12,réamhchruinniú,14
55,pléití,6
47,dtagtar,7
37,thionólfar,10
12,d’ocht,6
12,formheasfar,11
118,aidhm,5
550,féachaint,9
80,chód,4
160,bprionsabal,11
12,treochtaí,9
156,tosaíochtaí,11
93,rachfar,7
52,chuma,5
76,bailchríoch,11
12,foclaíochta,11
12,chomhfhreagraíonn,17
23,aontai,6
37,s,1
146,cineál,6
12,tsraithuimhir,13
11,dtaispeáint,11
28,thaispeáint,11
58,ghníomhartha,12
186,ghlacann,8
51,ngníomhartha,12
130,tagairt,7
24,focail,6
30,fuarthas,8
48,tosú,4
141,bharr,5
12,corp,4
12,roinnte,7
34,hairteagail,11
12,ngrúpáil,8
14,gcaibidlí,9
51,ranna,5
25,deireanach,10
128,ghníomh,7
12,bhfichiú,8
40,fhoilsithe,10
25,dheireanaigh,12
12,fhoclaíocht,11
12,infheidhmeacht,14
12,fhíoraítear,11
12,tard,4
63,foilseoidh,10
12,rúnaithe,8
21,dtéitear,8
10,-tairiscint,11
77,thabharfar,10
22,choinbhinsiúin,14
58,rialtais,8
10,-más,4
45,coinbhinsiún,12
24,ceannaire,9
12,stiúrtha,8
37,d'fhorálacha,12
22,leasaítear,10
236,iarratasóir,11
131,gcaibidlíochtaí,15
23,haontachas,10
24,dréachtchomhaontú,17
161,sonraí,6
12,inchosanta,10
170,teastáil,8
11,ionannas,8
122,údaraithe,9
20,tionlacain,10
39,smachtbhannaí,13
36,chúlghairm,10
245,cinnteoidh,10
26,gcoimeádtar,11
218,iarrtar,7
13,leantacha,9
195,dheireadh,9
22,mbunaítear,10
60,chomhar,7
152,dréachtbhuiséad,15
22,dóú,3
115,gcoinníollacha,14
87,thíos,5
140,dréachtleasuithe,16
12,ndréachtleasuithe,17
90,síniú,5
12,sonraíonn,9
12,ceannteideal,12
13,gcinntítear,11
13,cóimheá,7
39,ioncam,6
24,hiontráil,9
12,gceannteideal,13
14,bpléitear,9
150,huaire,6
241,chloig,6
127,thús,4
47,comhchosúil,11
46,dhiúltaigh,10
35,tarraingíodh,12
12,fhabhrach,9
12,dréachtleasú,12
126,roinn,5
14,caibidlí,8
24,teidil,6
91,rannpháirteach,14
53,tráthrialta,11
11,gcomóradh,9
35,sheasaimh,9
23,réamhráite,10
92,taithí,6
22,chúrsaí,7
32,comórfaidh,10
152,bliain,6
30,ndearbhú,8
148,pointe,6
149,d’airteagal,11
11,fhormheastar,12
25,chaiteachas,11
51,laghdú,6
108,chinnidh,8
93,bhuiséad,8
84,gcomhlachtaí,12
79,shampla,7
12,fheidhmeannacht,15
37,chiste,6
49,forbraíochta,12
108,bainistiú,9
78,eintitis,8
12,chomhallann,11
125,bliana,6
194,reatha,6
47,dár,3
51,gcionn,6
71,breithneoidh,12
25,fadhbanna,9
232,roimhe,6
10,leasaitheacha,13
12,gcéimeanna,10
13,dréachtmheastacháin,19
24,bplean,6
69,céimeanna,9
254,clúdaithe,9
12,dréachtchuntais,15
25,formheasfaidh,13
24,cuntas,6
36,uaithi,6
110,gconradh,8
48,leanúnach,9
12,chomhphrionsabail,17
593,réimse,6
16,dearfach,8
22,eatramhach,10
24,théitear,8
36,moltar,6
48,ndeachthas,10
12,comhvótáil,10
55,próiseas,8
57,tsaincheist,11
24,shubstainteach,14
247,reachtaíocht,12
18,deonach,7
72,modh,4
12,luathaithe,10
558,io,2
567,lch,3
171,d’fhonn,7
12,fhionnachtain,13
48,substainteach,13
12,inmhianaitheacht,16
12,chódaithe,9
42,hoiriúnuithe,12
114,teicniúla,9
66,bhformheas,10
36,gcomhlíonfaidh,14
12,códúcháin,9
23,gconclúid,9
37,molfaidh,8
30,gceachtar,9
12,athmhúnlaítear,14
83,samhain,7
12,theicníocht,11
12,athmhúnlaithe,13
12,sheiceáil,9
77,substainteacha,14
93,hathruithe,10
60,shainaithnítear,15
24,fhanann,7
24,athmhúnlúcháin,14
114,bhreis,6
59,mbeartaíonn,11
12,códaithe,8
22,cumhacht,8
11,eilimintí,9
11,neamhriachtanacha,17
23,fhorlíonadh,11
11,dréachtghníomh,14
11,dtairiscint,11
156,bhearta,7
61,eascraíonn,10
57,bunúsach,8
160,litir,5
96,dréachta,8
39,ríomh,5
47,bhfaightear,11
24,freagartha,10
49,litreach,8
60,gcomhalta,9
12,samhlú,6
54,rialúcháin,10
96,ngabhann,8
37,tosóidh,7
36,ab,2
93,leaganacha,10
49,bhunúsach,9
12,haidhm,6
24,hinneachar,10
12,hionstraime,11
12,bunúsaí,7
36,urramaíonn,10
11,bhforordaítear,14
12,ciorraithe,10
12,mbeartaítear,12
14,thosú,5
354,gcinneadh,9
12,soláthraíonn,12
387,iomlán,6
9,chaibidliú,10
27,threoracha,10
212,caibidlíochta,13
119,deiridh,7
133,treoracha,9
11,soláthraítear,13
9,ngealltanais,12
23,roghnaithe,10
13,mainníonn,9
100,amhras,6
62,chaibidlíocht,13
43,éileamh,7
46,lorgóidh,8
12,prótacail,9
14,phrótacail,10
33,neamhfhabhrach,14
12,choimeádann,11
192,fhreagairt,10
58,cuspóirí,8
23,cheaptar,8
223,mbun,4
12,phoist,6
75,té,2
94,ceaptha,7
57,praiticiúil,11
12,seachtraí,9
117,ceapadh,7
26,ainmnitheach,12
84,chomhlachta,11
119,ardionadaí,10
127,bheartas,8
25,tráthúil,8
109,forbairt,8
32,chomhbheartas,13
23,shamhlaítear,12
96,mbeartas,8
16,ghnéithe,8
145,iata,4
24,príomhghnéithe,14
24,bunroghanna,11
403,cosanta,7
12,himpleachtaí,12
71,dhíospóireacht,14
127,gcomhbheartas,13
45,éigeandála,10
24,chealú,6
36,ndearbhaítear,13
146,ciallaíonn,10
34,tharraingeofar,14
16,dtíolacann,10
40,freagracha,10
26,seoltar,7
11,trédhearcaí,11
91,dhéanaí,7
52,mhíreanna,9
58,oscailte,8
24,dúnta,5
47,sheoltar,8
202,rúndacht,8
13,dhíolúine,9
119,saoránach,9
167,nádúrtha,8
90,dlítheanach,11
48,chónaíonn,9
129,chláraithe,10
229,rochtana,8
72,dteorainneacha,14
48,dlítheanacha,12
25,theideal,8
65,rialaithe,9
61,dtarraingt,10
42,bunóidh,7
12,chatagóirí,10
136,tríd,4
85,tagairtí,8
49,catagóirí,9
123,ndoiciméad,10
88,gceart,6
13,gcatagóirí,10
163,iarratais,9
67,daingniúcháin,13
39,maoirseacht,11
32,láimhseáiltear,14
49,mheasúnú,8
11,mholann,7
21,ainmnithigh,11
25,thoil,5
35,choimisinéirí,13
28,hainmnithigh,12
12,ionchasacha,11
53,sheolfar,8
28,threoirlínte,12
36,chaoi,5
8,gcúraimí,8
129,gcoimisinéirí,13
50,fhágann,7
103,éisteachtaí,11
69,coláiste,8
155,dtabharfar,10
40,d’uachtarán,11
37,diúltóidh,9
37,diúltaíodh,10
39,chúraimí,8
32,coimisinéir,11
119,coimisinéirí,12
118,cáinte,6
12,cháineadh,9
67,bhfuarthas,10
24,uaire,5
11,hainmnitheach,13
11,painéal,7
11,sheachtar,9
23,shealbhú,8
11,bhreitheamh,11
11,abhcóide,8
52,breithiúnais,12
264,nóiméad,7
12,fara,4
24,sceidealta,10
12,tógáil,6
22,comhthairiscint,15
24,dtairiscintí,12
60,sínitheoirí,11
48,choimisinéir,12
24,príomhchinntí,13
20,mhairfidh,9
33,mhíniú,6
29,bheifear,8
30,thuairisciú,11
21,bainistíocht,12
56,chórais,7
72,banc,4
52,tíolactha,9
18,siadsan,7
60,dhíriú,6
95,titfidh,7
47,sách,4
54,pras,4
24,ceistitheoirí,13
29,cúig,4
12,freagróidh,10
60,ceiste,6
104,luaite,6
16,tráthanna,9
28,dtógfar,7
24,cheistitheoir,13
129,mbunú,5
58,euro,4
87,seolaithe,9
12,shocróidh,9
59,socraithe,9
106,taighde,7
24,freagrófar,10
12,neamhthosaíochta,16
13,sonróidh,8
42,spriocdháta,11
11,gclúdaítear,11
12,chónascadh,10
12,d’údair,7
24,sínitheoir,10
64,láimh,5
100,arís,4
37,chomhlíonann,12
58,hábhair,7
31,thíolacann,10
22,idirpharlaiminteach,19
47,práinneach,10
24,fochaibidlí,11
24,topaic,6
12,thréigean,9
12,neamhsceidealta,15
24,hionad,6
12,roghnaítear,11
12,thráthnóna,10
11,asbhaint,8
12,mhiondealú,10
30,aontú,5
63,baineann,8
12,gceadaítear,11
12,suífear,7
68,bhfuiltear,10
12,gcuimsíonn,10
117,phróiseas,9
12,dáilfear,8
23,taifeadfar,10
24,hainmneacha,11
22,coinneofar,10
46,bhealach,8
68,suíomh,6
36,dearbhaithe,11
33,taifeadta,9
36,leathchuid,10
43,tionscnóidh,11
37,phointí,7
24,gníomhaireachta,15
26,mhisean,7
24,chúlra,6
12,ngníomhaireacht,15
36,gníomhaireacht,14
62,ghníomhaireacht,15
24,cumas,5
125,fheabhsú,8
36,shoiléiriú,10
26,gcomhaontuithe,14
66,litreacha,9
108,ionstraimí,10
61,síneoidh,8
184,chomhlachtaí,12
11,mbunaíonn,9
23,mbreithneoidh,13
12,síneofar,8
47,sonraithe,9
37,caingne,7
24,drochamhras,11
18,sáraíodh,8
47,caingean,8
11,chaingean,9
20,rialaíonn,9
14,contrártha,10
33,idirghabháil,12
12,ceistiú,7
12,réamhchúraim,12
12,bhforordú,9
33,choisceann,10
52,shocruithe,10
12,mholta,6
8,bhfeidhmeofar,13
40,sainchumas,10
259,cfae,4
17,comhoiriúnacht,14
7,lex,3
7,specialis,9
14,vis,3
7,à,1
21,éifeachtúil,11
10,idirpharlaimintigh,18
28,chaibidil,9
25,cainteanna,10
22,díreacha,8
88,cineálacha,10
10,réamhreachtaigh,15
28,iar,3
19,tharchuirfidh,13
44,hoifigiúil,10
23,pharlaimintí,12
12,cómhalartach,12
46,institiúideacha,15
75,roghnófar,9
39,gcóimheá,8
127,chomhlacht,10
78,bainteach,9
24,pharlaiminte,12
12,comhthráthach,13
60,seisiún,7
12,forordú,7
12,fhoroinnt,9
12,laethúla,8
36,ghá,3
12,máirt,5
12,mhárta,6
24,dtréimhsí,9
12,mháirt,6
36,míosa,5
24,caite,5
36,sheachtain,10
12,athchromadh,11
12,athchromtha,11
24,seolfaidh,9
12,bhruiséil,9
36,thograí,7
13,éigin,5
24,tinrimh,7
13,thaispeántar,12
136,thaifeadadh,11
12,chuireadh,9
45,phléití,7
12,amanna,6
12,bhfad,5
12,comhiomlán,10
60,coinne,6
19,dtarraingeofar,14
49,leasaithe,9
36,oiread,6
12,dtógtar,7
69,ndéileálfar,11
34,deich,5
48,chainteoir,10
269,beartas,7
70,fhreagra,8
30,foriomlán,9
57,phráinneach,11
41,mbeifear,8
12,d'uireasa,9
69,dáileadh,8
153,fhoireann,9
135,saineolaithe,12
20,cheadófar,9
24,háiléir,7
34,cárta,5
12,iontrála,8
12,cheadaítear,11
12,dtost,5
24,huiséirí,8
60,léiríonn,8
12,shástacht,9
12,mhíshástacht,12
58,ateangaireacht,14
33,comhuaineach,12
12,ghnátháit,9
36,theangacha,10
12,dhaingníonn,11
12,solúbtha,8
22,fógraíodh,9
219,bhféadfadh,10
30,idirthréimhse,13
12,mhaireann,9
103,márta,5
12,maoluithe,9
17,ceadaithe,9
12,ateangairí,10
12,aistritheoirí,13
12,theanga,7
22,réamhchúraimí,13
24,oiriúnacha,10
12,comhlíonta,10
12,eatraimh,8
36,aisghairm,9
24,dhíospóireachtaí,16
23,mhíre,5
30,chóras,6
12,ríomhaireachta,14
12,neamhrúnda,10
24,dréachtmholadh,14
12,nglaonn,7
33,labhróidh,9
12,díreoidh,8
12,gcaint,6
45,imíonn,6
48,glaofaidh,9
12,babhta,6
48,chainteoirí,11
72,critéir,7
12,chodán,6
91,cothrom,7
24,codán,5
12,gcoibhneas,10
12,codáin,6
241,phointe,7
47,úsáidfear,9
12,hamanna,7
56,gcoitinne,9
27,ionadú,6
12,chárta,6
34,gorm,4
24,leath,5
12,óráid,5
48,cainteoir,9
116,araíonachta,11
12,glaodh,6
12,labhair,7
25,aguisín,7
12,anonn,5
225,pearsanta,9
12,chead,5
12,teorannóidh,11
12,fhrisnéis,9
28,bpearsa,7
12,cheartúchán,11
18,bharúlacha,10
36,hiompar,7
24,cion,4
36,leantar,7
12,shéanadh,8
12,gciontóir,9
25,muinín,6
12,bhirt,5
12,d’uireasa,9
12,glao,4
24,thromchúiseacha,15
70,cabhair,7
12,sheirbhís,9
12,baolach,7
12,dúnfaidh,8
42,athbhunú,8
24,d’éifeacht,10
12,athchomórfaidh,14
12,dhílsiú,7
57,d'oifigigh,10
12,thromchúis,10
15,tsáraithe,9
42,pionós,6
24,bhfógróidh,10
12,bhfónann,8
12,breathnaíodh,12
12,athfhillteach,13
37,buan,4
12,tromchúis,9
25,dtreoirlínte,12
15,phionós,7
15,iomardú,7
24,liúntas,7
12,cothaithe,9
12,laethúil,8
12,fhorghéilleadh,14
12,dhianchomhlíonadh,17
23,chomhleanúnacha,15
93,hoifigí,7
90,achomharc,9
69,thaisceadh,10
24,phionóis,8
22,achomhairc,10
12,forchuireadh,12
12,neamhniú,8
36,neamhní,7
35,cá,2
25,mhéad,5
12,vótálaí,7
37,caithfidh,9
24,chóram,6
12,d’iarr,6
36,suífí,5
12,doirse,6
12,tseomra,7
12,fhógróidh,9
82,áireofar,8
24,d'iarr,6
113,dírithe,7
36,fhocail,7
36,fhigiúirí,9
42,bhreise,7
24,figiúirí,8
12,clóite,6
12,dáilte,6
12,seachnóidh,10
13,mhíbhuntáiste,13
42,bhféachann,10
36,iomláin,7
24,comhionanna,11
12,fhéachtar,9
12,bhfoclaíocht,12
51,dteanga,7
18,oiriúnach,9
88,gcomhar,7
10,tuachtaráin,11
66,hinghlacthacht,14
24,heisiach,8
10,bunaíonn,8
36,mhalartach,10
11,neamhreachtaí,13
65,comhsheasamh,12
12,luanna,6
12,haithris,8
12,hachomair,9
51,tuiscint,8
22,cháilithe,9
37,diúltófar,9
12,ndearbhófar,11
34,shonraithe,10
36,ceachtar,8
23,cinneann,8
11,cinntear,8
21,teorann,7
26,intuigthe,9
24,sliocht,7
24,mbreithneofar,13
12,fhiafraí,8
24,comhlántacha,12
18,comhchoiteanna,14
66,comhchosúla,11
12,fabhracha,9
12,brí,3
12,shainiúil,9
64,luach,5
12,normatach,9
24,tráthnóna,9
36,socraíonn,9
12,gconlán,7
12,meastar,7
58,taispeáint,10
46,lámh,4
104,gcóras,6
12,glaofar,7
48,aibítre,7
24,chrannchur,10
12,ghlaofar,8
12,staonaim,8
12,hoibríochtaí,12
12,leictreonaigh,13
18,páipéir,7
12,bhallóide,9
12,ainmníodh,9
24,cúigiú,6
60,dtosaíonn,9
12,seisear,7
24,mballóid,8
12,chomhaireamh,12
18,ghníomhóidh,11
12,áiritheoirí,11
12,mhínithe,8
12,gcríochnú,9
24,dhearbhóidh,11
12,hoscailt,8
24,críochnú,8
12,seiceálfar,10
67,eadhon,6
31,mhainneachtain,14
55,shonrach,8
12,difriúla,8
12,ídithe,6
69,chuir,5
12,críochnófar,11
31,siúl,4
24,athchromfar,11
72,mionsonraí,10
12,leathuair,9
12,dtosóidh,8
24,iarnóin,7
12,forála,6
34,agóidí,6
24,caomhnófar,10
36,dtaifid,7
58,dhlítheangeolaíoch,18
21,bhailchríoch,12
30,ndlúthchomhar,13
30,frithpháirteach,15
12,comhleanúnachas,15
18,cáilíocht,9
12,oiriúnuithe,11
24,cheartúcháin,12
12,earráidí,8
12,cló,3
12,comhchordacht,13
12,cirte,5
12,téarmaíochta,12
12,chomhdhlúite,12
12,comhdhlúite,11
12,d'imeachtaí,11
12,chlóscríbhinní,14
12,hiris,5
12,sleachta,8
12,gearrfhógra,11
12,fuaimrian,9
12,bothanna,8
33,ateangaireachta,15
12,idirlíon,8
91,shainiú,7
24,atoghadh,8
12,gcomhdhéanamh,13
12,bhfadaíonn,10
33,méadú,5
48,gceathrú,8
148,imscrúdú,8
51,sháruithe,9
84,líomhnaithe,11
36,dhrochriarachán,15
84,drochriarachán,14
99,institiúide,11
54,comhlachta,10
24,gcumhachtaítear,15
138,scaipeadh,9
33,forleathan,10
24,modus,5
12,operandi,8
88,aibreán,7
88,fhiosrúcháin,12
61,forais,6
60,bhfiosrúchán,12
18,dhó,3
78,lánchomhaltaí,13
28,shannadh,8
60,mhionsonraithe,14
76,riachtanais,11
28,daingnithe,10
12,iompróidh,9
27,taistil,7
24,cóiríochta,10
12,láithríonn,10
12,íoc,3
12,ghairtear,9
18,fhinné,6
12,binse,5
24,dtír,4
37,dtabharfaidh,12
28,shrianadh,9
94,ndaoine,7
45,aistriúchán,11
51,áiritheofar,11
47,héifeachtach,12
39,tapa,4
12,tsicréideacht,13
69,sicréideacht,12
12,sainráiteach,12
12,d’fhorálacha,12
46,d'iarscríbhinn,14
24,shicréideacha,13
60,gealltanas,10
106,sollúnta,8
12,gceadóidh,9
24,shicréideach,12
202,bhfaisnéis,10
12,trealmhaithe,12
58,indéanta,8
117,neamhúdaraithe,14
12,treoróidh,9
24,mheastar,8
24,coinneoidh,10
12,hathrú,6
12,d'ionadaíocht,13
12,ráthófar,8
24,tslánuimhir,11
12,laghdófar,9
12,comhaltais,10
12,fholúntas,9
12,ndaingniú,9
103,gceann,6
48,lánchomhalta,12
28,gceapadh,8
12,cuimsíonn,9
12,choincheap,10
56,sainmhínithe,12
13,gcoinníoll,10
12,braitheann,10
27,chomhaltas,10
25,tagann,6
12,bhuanchomhalta,14
12,ngrúpa,6
12,chomhghleacaí,13
24,tharchuireann,13
12,ndearbhaíonn,12
24,buanchoiste,11
46,coimhlint,9
15,hinniúlacht,11
24,bhuanchoiste,12
12,hinniúlachta,12
27,cheithre,8
34,gcomhdháil,10
31,comhdhála,9
24,ainmneofar,10
27,fónta,5
46,fhochoiste,10
22,staidéar,8
34,aimsithe,8
82,fochoiste,9
36,bhfochoistí,11
12,d'fhochoistí,12
12,fhochoistí,10
12,idirspleáchas,13
59,choimirciú,10
12,mháthairchoiste,15
12,mballóidí,9
12,phríomhchoiste,14
45,shaincheisteanna,16
12,bpléann,7
12,ceadaítear,10
21,bhfaighfear,11
24,séú,3
12,gnóthófar,9
24,iarrthóra,9
15,shainítear,10
95,fhomhír,7
12,chomhordaitheoir,16
57,moite,5
12,gcomhordaitheoirí,17
54,comhairleach,12
25,sheasann,8
12,chomhréitigh,12
11,ngnáthnósanna,13
4,ante,4
9,post,4
45,ráthú,5
4,neamhidirdhealaithe,19
12,chomórfaidh,11
10,dhála,5
16,gceadófar,9
12,chúntóirí,9
9,fhorléiriú,10
182,chreat,6
43,bpléití,7
56,iarbhír,7
13,socrófar,8
63,thráth,6
22,buantoscaireachtaí,18
68,ndualgas,8
67,ghrúpaí,7
60,mhéadú,6
54,chumasú,7
156,slándáil,8
12,macasamhla,10
12,dtionól,7
25,fhrithpháirtigh,15
58,feabhas,7
34,éifeachtúlacht,14
24,dúblú,5
12,iarrachta,9
28,gcomhlachas,11
14,tionscanta,10
22,fhoirmiú,8
12,saineoidh,9
12,saineofar,9
12,cothroime,9
12,bhiúrónna,9
24,chonlán,7
12,conlán,6
12,náisiúntacht,12
60,achainígh,9
21,iadsan,6
48,hachainígh,10
22,ainmnítear,10
180,achainíoch,10
12,dtacaíocht,10
12,bhreithneofar,13
12,gcomhfhreagras,14
21,comhfhreagras,13
44,úsáidtear,9
60,chomhdú,7
84,hachainí,8
42,bealach,7
13,sásaimh,7
12,gcláraítear,11
12,d’ainneoin,10
12,gcoinneofar,11
12,phríobháideacht,15
12,príobháideacht,14
489,gearán,6
10,anaithnideachta,15
12,cónaí,5
22,míosúil,7
86,gcúrsa,6
12,ghnáthghníomhaíochtaí,21
12,d'achainígh,11
28,ndéileálann,11
12,chomhlachú,10
12,fhleasc,7
12,fleasc,6
36,dhéileálann,11
12,d'achainíoch,12
12,dearbhaíodh,11
78,fíorais,7
56,rannpháirtithe,14
12,thaifeadtar,11
50,fógraí,6
14,dtaifeadadh,11
24,gcinntí,7
17,tábhachtaí,10
12,mbunachar,9
42,dóigh,5
67,shaoránaigh,11
6,ghaolmhara,10
16,náisiúnaigh,11
61,tacú,4
40,tacaíochta,10
16,fanacht,7
30,iomaíocht,9
23,ceapfar,7
12,mionn,5
27,fheidhmeanna,12
120,drochriaracháin,15
127,fiosrúchán,10
12,gcomhallann,11
24,foras,5
12,fónamh,6
14,chinn,5
12,coinsiasach,11
24,neamhchlaon,11
12,heagrúchán,10
36,mhaoiniú,8
162,páirtí,6
48,bpáirtithe,10
47,tairbhithe,10
37,méideanna,9
21,íocadh,6
28,mícheart,8
22,ghnóthú,7
12,buiséadaí,9
48,téarmaí,7
95,teicniúil,9
34,pháirtithe,10
24,d'ionadaithe,12
12,scortha,7
36,daonlathais,11
34,hurraime,8
34,saoirsí,7
55,eisiamh,7
55,pháirtí,7
38,neamhspleácha,13
34,oirirce,7
12,maoiníodh,9
12,neamhagóidithe,14
41,nótaí,5
12,bhfasaigh,9
12,choigeartú,10
12,chéatadán,9
12,mhéadaítear,11
24,méaduithe,9
51,hiarscríbhinní,14
49,sonraítear,10
12,nglactha,8
15,aithneoidh,10
36,bhratach,8
12,dtaispeántar,12
12,ciorcal,7
12,dháréag,7
12,réalta,6
12,órga,4
34,roscamhrán,10
12,óid,3
12,aoibhneas,9
12,naoú,4
12,siansa,6
12,ludwig,6
12,beethoven,9
34,mana,4
12,ceiliúrfaidh,12
12,foluain,7
12,seinnfear,9
24,fáilte,6
10,cheannairí,10
64,atáirgeadh,10
12,úsáidí,6
12,thoghcháin,10
24,críochnaithe,12
42,titim,5
21,leanfar,7
12,cumarsáidí,10
10,cheannteideal,13
105,viiia,5
32,hoibriú,7
100,viiib,5
18,sainaithnítear,14
72,earráid,7
33,dtéacs,6
24,dréachtcheartúchán,18
13,bhfeictear,10
36,cheartú,7
66,ceartúchán,10
12,fhormheasta,11
10,mutan,5
10,dis,3
3,treoirphrionsabail,18
3,dtreorú,7
3,fhéinchúis,10
3,macántacht,10
38,oscailteacht,12
3,dúthracht,9
3,ionracas,8
13,meas,4
3,chlú,4
18,son,3
88,phobail,7
10,staonadh,8
16,sochar,6
12,indíreach,9
6,luaíocht,8
19,fhéachaint,10
3,príomhdhualgais,15
23,dhlítheanaigh,13
15,thionchar,9
9,imirt,5
3,dhearbhuithe,12
3,comhfhiosach,12
3,breabaireacht,13
19,choinbhleacht,13
30,tionchar,8
9,míchuí,6
55,dhualgas,8
3,dtairbhíonn,11
3,d’aicme,7
4,leathan,7
3,coinbhleacht,12
3,débhríochta,11
23,foirm,5
29,tarlú,5
3,cuimseofar,10
3,bheacht,7
27,bheatha,7
3,beatha,6
3,ndeachaigh,10
6,comhaltas,9
6,bhoird,6
48,cuideachtaí,11
24,neamhrialtasacha,16
6,comhlachas,10
12,tuarastal,9
82,saothair,8
33,gníomhaíocht,12
9,bíodh,5
19,fhostaí,7
3,ócáideach,9
3,scríbhneoireacht,16
3,léachtóireacht,14
15,saineolas,9
6,théann,6
33,eur,3
33,mbliain,7
21,féilire,7
6,sealúchas,9
3,chuideachta,11
280,foirne,6
55,sholáthraíonn,13
20,céannacht,9
58,dtríú,5
31,h,1
6,ítim,4
3,breis,5
84,bliantúil,9
27,pobal,5
16,héasca,6
12,shealbhóirí,11
12,bronntanais,11
25,sochair,7
15,chomhchosúla,12
6,bhronntanais,12
3,shochair,8
3,garluach,8
3,chúirtéise,10
21,chostais,8
3,chóiríochta,11
3,chothaithe,10
3,íocann,6
3,fhreastalaíonn,14
3,brústocaireachta,16
97,gairmiúla,9
33,ionadaíochta,12
76,cinnteoireachta,15
3,tairbhe,7
3,ndeonú,6
3,d’iarfheisirí,13
3,bunaítear,9
3,chúigear,8
3,mbiúrónna,9
3,chomhordaitheoirí,17
3,thaithí,7
3,gcothromaíocht,14
3,uainíochta,10
6,cúltaca,7
42,gcód,4
3,shéú,4
6,chomhairligh,12
38,himscrúdú,9
16,iontaoibh,9
4,treorach,8
141,measúnú,7
14,ngníomhaíocht,13
30,shaineolaithe,13
17,seachtracha,11
14,cúis,4
18,sáraithe,8
3,thátail,7
3,bpionós,7
39,liostaítear,11
15,feiceálach,10
3,fanta,5
15,faireacháin,11
61,gonta,5
14,dréachtaithe,12
22,staitistiúil,12
24,cheisteach,10
66,chomhionann,11
26,chomhchosúil,12
12,dtrí,4
18,sholáthair,10
32,gcumarsáid,10
42,forbairtí,9
131,cóip,4
72,forlíontacha,12
48,fhorlíontach,12
12,cheiste,7
17,fhorlíontacha,13
12,inghlacthachta,14
12,dócha,5
12,ghnáthsheoladh,14
12,phríomhcheist,13
12,leordhóthanach,14
12,bpríomhcheist,13
12,cheadaíonn,10
24,ceistitheoir,12
22,gceistitheoir,13
21,meabhróidh,10
12,caillfidh,9
12,bhfreagraítear,14
14,easpa,5
196,hinstitiúide,12
51,anois,5
12,déine,5
23,mbainfear,9
12,minice,6
12,gcumhacht,9
31,ghrúpáil,8
12,grúpála,7
12,gceadódh,8
12,péire,5
12,hinmhianta,10
12,príomhcheiste,13
23,meabhraíonn,11
23,mbeidís,7
12,soicind,7
44,seolaí,6
10,gnáthbhealaí,12
10,tseolaí,7
12,chaint,6
12,mhaslach,8
13,d'fhéadfaí,10
12,agraíonn,8
18,fhíorasach,10
24,leabharlann,11
24,gaolmhara,9
20,ócáid,5
62,thríú,5
12,d'ábhair,8
16,cheadóidh,9
38,níor,4
12,rachfaí,7
24,teorannú,8
21,dháiltear,9
12,ioncaim,7
23,caiteachais,11
21,anailís,7
12,comhardaithe,12
27,ninstitiúidí,12
12,bheachtas,9
28,gcuntas,7
12,dhlíthiúlacht,13
12,rialtacht,9
12,idirbheart,10
24,aibreáin,8
42,d'urscaoileadh,14
12,hioncam,7
25,sócmhainní,10
12,dliteanais,10
322,bpointe,7
20,bhainistiú,10
36,chaiteachais,12
75,todhchaí,8
18,inter,5
18,alia,4
76,súil,4
53,spriocamanna,12
12,feasach,7
12,malairtí,8
12,ásc,3
25,deonófar,8
36,dúnadh,6
73,fós,3
12,hásc,4
58,tíolacfar,9
12,bhréagnaíonn,12
12,tsraith,7
81,mainneachtain,13
12,chineann,8
42,cbes,4
12,bsce,4
54,chomhthéacs,11
55,tugann,6
40,shlándáil,9
12,heagraíocht,11
12,náisiún,7
12,tionóil,7
46,neartú,6
12,ngarchomharsanacht,18
12,mhórchláir,10
12,chúnaimh,8
54,comhlachais,11
60,comhpháirtíochta,16
15,gcaibidlíocht,13
356,cosaint,7
12,mionlach,8
24,daonlathacha,12
24,comhordaíonn,12
43,misin,5
24,bhreathnadóireachta,19
57,forbartha,9
112,comhagallamh,12
36,mbéal,5
14,déthaobhach,11
18,fóraim,6
12,thíortha,8
106,dea,3
24,rialachas,9
12,dtíortha,8
56,acc,3
86,tráchtála,9
12,sheachtraigh,12
57,trádála,7
80,réigiúnacha,11
24,comhchuibhiú,12
12,caighdeánú,10
12,lánpháirtiú,11
65,eagraíocht,10
12,dhomhanda,9
33,gné,3
40,pharlaiminteach,15
23,idirchaidreamh,14
12,phléann,7
39,chaidreamh,10
12,dílse,5
34,sainchumais,11
12,bhuiséadacha,12
21,díláraithe,10
26,infheistíochta,14
12,buiséadú,8
20,pleananna,9
30,tionscadail,11
16,foirgnimh,9
18,urscaoilte,10
12,chuntais,8
319,chláir,6
12,chomhardaithe,13
12,gcomharduithe,13
12,chost,5
47,éifeachtacht,12
12,gcineálacha,11
12,maoinithe,9
24,chalaois,8
24,mhírialtachtaí,14
12,ionchúiseamh,12
34,caipitil,8
36,íocaíochtaí,11
25,trasteorann,11
28,limistéar,9
12,íocaíochta,10
12,comhardú,8
24,gluaiseachtaí,13
12,hairgead,8
24,iasacht,7
23,onnmhairiú,10
12,chaipiteal,10
50,spreagadh,9
48,chabhair,8
12,cánach,6
12,rialáil,7
48,sheirbhísí,10
12,mhargaí,7
12,cuntasaíochta,13
12,corparáideach,13
188,seirbhísí,9
50,fostaíochta,11
25,shóisialta,10
108,sláinte,7
60,sábháilteachta,14
37,ciste,5
24,gairmoiliúna,12
12,cáilíochtaí,11
12,oibrithe,8
12,pinsinéirí,10
42,idirdhealaithe,14
48,mhargadh,8
36,ghnéas,6
40,lárionad,8
12,cedefop,7
12,dálaí,5
12,maireachtála,12
12,fondúireacht,12
12,oiliúna,7
60,comhshaoil,10
16,truailliú,9
12,aeir,4
12,ithreach,8
12,uisce,5
12,athchúrsáil,11
24,dramhaíola,10
12,substaintí,10
12,ullmhóidí,9
12,contúirteacha,13
64,leibhéil,8
12,torainn,7
12,aeráide,7
12,bithéagsúlachta,15
13,inbhuanaithe,12
24,chomhshaoil,11
36,damáiste,8
12,dheisiú,7
12,ceimiceán,9
48,táirgí,6
12,cógaisíochta,12
12,cosmaideacha,12
12,bhithsceimhlitheoireacht,24
12,leigheasra,10
12,galar,5
12,lipéadú,7
64,sábháilteacht,13
36,earraí,6
24,tréidliachta,12
24,rioscaí,7
20,seiceálacha,11
12,táirgthe,8
12,tionsclaíochta,14
24,teicneolaíochtaí,16
27,fiontair,8
14,bheaga,6
14,mheánmhéide,11
33,saothrú,7
12,spáis,5
12,airmheáin,9
12,lárnaigh,8
12,tomhas,6
36,núicléach,9
12,jet,3
12,iter,4
48,fuinnimh,8
10,tsoláthair,10
36,thraseorpacha,13
41,earnáil,7
36,bhonneagair,11
177,euratom,7
12,soláthair,9
12,díchoimisiúnú,13
16,diúscairt,9
12,teicneolaíocht,14
12,teileachumarsáide,17
27,comhordú,8
60,mhargaidh,9
72,inmheánaigh,11
12,custaim,7
16,gcaighdeán,10
18,tsaoirse,8
45,hearnálacha,11
12,chonstaicí,10
39,aithint,7
12,constaicí,9
12,dtomhaltóirí,12
12,comhbheartais,13
12,iarnróid,8
12,bóithre,7
12,uiscebhealaí,12
12,intíre,6
12,muirí,5
12,aeriompar,9
12,comhrialacha,12
22,caidrimh,8
12,turasóireacht,13
24,comhtháthaithe,14
13,réigiúnaí,9
24,chomhtháthú,11
15,struchtúracha,13
12,réigiúin,8
12,hoileáin,8
12,forimeallaí,11
12,réigiúnaigh,11
123,oibriú,6
36,talmhaíochta,12
12,tréidliacht,11
12,folláine,8
24,plandaí,7
12,d'ainmhithe,11
12,fearachas,9
12,ainmhithe,9
24,feabhsú,7
12,cháilíocht,10
12,soláthairtí,11
12,amhábhar,8
575,chomhphobail,12
12,foraoiseacht,12
72,iascaigh,8
34,caomhnú,7
12,comheagrú,9
12,struchtúrach,12
12,dobharshaothraithe,18
45,hionstraimí,11
12,threoraíocht,12
37,cultúrtha,9
24,chultúir,8
35,chultúrtha,10
12,oidhreacht,10
12,malartuithe,11
12,cruthaíocht,11
12,ealaíonta,9
36,oideachais,10
12,ardoideachais,13
12,scoileanna,10
12,foghlaim,8
12,tsaoil,6
12,shochaí,7
12,óige,4
12,spóirt,6
12,áineasa,7
12,phríomha,8
23,mbunús,6
31,simpliú,7
12,chódú,5
12,gcaingne,8
12,d'ord,5
12,maoine,6
12,intleachtúla,12
91,breithiúnach,12
12,dliteanas,9
12,coireachta,10
24,eitice,6
12,dhintiúir,9
12,eagrúchán,9
12,chomhchuibhiú,13
12,chríoch,7
24,chomhrac,8
36,próiseáil,9
12,ceartais,8
12,gluaiseacht,11
12,tearmann,8
12,himirce,7
23,lánpháirtithe,13
12,gcomhtheorainneacha,19
49,póilíneachta,12
37,choiriúla,9
12,dhrugaí,7
12,andúil,6
12,ndrugaí,7
24,europol,7
12,eurojust,8
12,cepol,5
20,baol,4
45,coiteann,8
12,lánpháirtíochta,15
50,comhdhálacha,12
18,rialtasacha,11
24,gcéanna,7
12,aonfhoirmeach,13
12,d'inniúlachtaí,14
47,sainmhíniú,10
12,dheiseanna,10
38,fir,3
50,mná,3
12,deiseanna,9
14,cóir,4
12,príomhshruthú,13
73,ciallóidh,9
21,folóidh,7
12,gceistíonn,10
48,bhfáil,6
142,dhoiciméad,10
16,uimhrithe,9
12,baileofar,9
16,fótachóip,9
21,tógadh,6
32,dhearcadh,9
12,gcoimeádfaidh,13
24,sásra,5
24,bhfeidhmítear,13
12,cineáil,7
12,shonraigh,9
315,aicmithe,8
387,l,1
20,shainmhínítear,14
12,bhformhór,9
24,sásraí,6
46,ndéanfadh,9
25,chleachtais,11
12,déileálann,10
20,ie,2
109,très,4
364,secret,6
121,top,3
65,confidential,12
12,bunadh,6
12,chríochnaithe,13
42,heagraíochta,12
37,thionscnaíonn,13
12,srianadh,8
12,ndiúltaítear,12
120,idirinstitiúidigh,17
89,cegc,4
24,fhrithpháirteacha,17
41,mheon,5
65,conartha,8
203,aicmiú,6
36,géarchéime,10
48,míleata,7
24,mhíleata,8
69,tardionadaí,11
36,dithneas,8
31,fhaisnéise,10
24,cheannas,8
21,bhféachfar,10
23,roghnóidh,9
48,sicréideachta,13
24,fhoilseofar,11
120,imréiteach,10
12,toilteanach,11
12,inchomparáideacha,17
21,chlúdaíonn,10
12,fasach,6
12,infheidhmithe,13
45,tionscnóra,10
18,fhéachfaidh,11
35,inmheánaí,9
12,inchomparáideach,16
12,d’iarscríbhinn,14
12,glactar,7
12,tharraing,9
12,feisteoidh,10
12,deartha,7
12,cheathrar,9
129,hoifigigh,9
19,oibríochta,10
24,féachfar,8
50,imréitigh,9
12,cosúil,6
21,imréitithe,10
40,gcaoi,5
27,údarófar,8
36,taifeadadh,10
18,shonraí,7
28,gceanglas,9
12,bainfear,8
24,sháraíonn,9
12,ceanglas,8
12,cheanglais,10
57,mbaintear,9
12,tionólfaidh,11
12,sceitheadh,10
12,statut,6
12,fonctionnaires,14
21,dtionscnaítear,14
24,fhoilsítear,11
45,coimhlintí,10
24,cinnte,6
12,cheilt,6
24,príobháideacha,14
31,liospóin,8
4,sanntar,7
20,bunphrionsabail,15
4,dírítear,8
4,comhoiriúnachta,15
16,coibhéiseach,12
101,oifigí,6
4,tfeu,4
40,stóráil,7
13,hiomchuí,8
16,hí,2
16,faeafr,6
294,ue,2
170,eu,2
122,confidentiel,12
42,restreint,9
24,restricted,10
13,dochair,7
40,d'institiúidí,13
4,d’oifigí,8
28,ghníomhaireachtaí,17
105,aicmiúchán,10
86,bunriachtanacha,15
39,díobháil,8
13,thromchúiseach,14
13,míbhuntáistiúil,15
4,oibleagaidí,11
10,gcruthú,7
4,thaifeadta,10
4,fhisiceach,10
64,saintréithe,11
4,innealra,8
4,trealaimh,9
4,monaraithe,10
4,monarúcháin,11
4,hoifigighde,11
62,fostaithe,9
4,indibhidiúil,12
60,scagadh,7
4,grinnfhiosrúchán,16
4,íosghrádú,9
119,aicmiúcháin,11
17,j,1
48,dí,2
21,haicmiú,7
10,k,1
53,tionscnóir,10
4,mbunphrionsabail,16
4,bainistithe,11
4,cbsf,4
4,phróiseálann,12
4,lánurramú,9
4,uathoibrithe,12
4,cf,2
16,coincheap,9
8,deimhnithe,10
4,df,2
12,cionn,5
78,shealbhaíonn,12
4,faisneis,8
4,faisneise,9
4,fhaisneis,9
62,tseirbhís,9
120,sfr,3
28,ghairmiúil,10
5,lei,3
4,láimhseála,10
112,faeamfr,7
4,fáisnéis,8
61,thíolaic,8
17,chionn,6
22,inrianaitheacht,15
9,dheimhniú,9
74,daingean,8
74,léitheoireachta,15
13,parlaimintach,13
13,formhaoirseachta,16
13,d'aidhm,7
10,áitribh,7
13,limistéir,9
4,dhaingnithe,11
8,seomraí,7
20,daingne,7
15,meaisíní,8
16,fótachóipeála,13
15,teileafóin,10
28,facs,4
16,scanóirí,8
16,trealamh,8
4,sheomra,7
4,shainaitheanta,14
4,dóiteáin,8
4,ghéarfhaireachas,16
4,seoceálfaidh,12
4,cumhachtófar,12
4,iomadúla,8
35,taobh,5
4,istigh,6
4,thréimse,8
4,ghairid,7
4,turas,5
16,ngeallann,9
62,phróisis,8
4,féachana,8
4,amuigh,6
10,theileafóin,11
4,theicneolaíochtaí,17
28,thógáil,7
16,grianghraf,10
12,féachadh,8
4,thoirmeasc,10
4,údaróidh,8
8,fhágáil,7
5,slán,4
4,tardúnaí,8
4,sáraitheoir,11
14,ndáiltear,9
6,mbaileofar,10
4,fótachóipeanna,14
4,grianghraif,11
4,breithníodh,11
13,d’fhaighteoirí,14
13,choibhéisigh,12
26,d’fhaisnéis,11
13,fhaighteoirí,12
4,chruachóipe,11
4,cheannaire,10
68,soláthróidh,11
52,admháil,7
4,ghlas,5
44,phróiseáil,10
4,dhúbláil,8
4,shábháil,8
20,mheán,5
4,mhaoirsiú,9
4,d'fhéach,8
16,cartlannú,9
4,cartlannaithe,13
4,thaisctear,10
12,gcartlann,9
16,dhaingean,9
13,chaighdeánacha,14
4,chartlannú,10
12,shealbhaítear,13
8,chartlann,9
4,dtaisce,7
24,grádú,5
24,ísliú,5
4,ghrádú,6
4,cealú,5
4,acmiúcháin,10
8,seal,4
4,tionscnóirí,11
12,dhí,3
33,cee,3
25,cartlann,8
15,stairiúil,9
16,chomhphobal,11
124,adamhach,8
4,béarfaidh,9
4,conníollacha,12
82,sheirbhísigh,12
31,riachtanacha,12
16,idirthréimhseacha,17
16,thionscnóir,11
12,marcáil,7
4,thoscairí,9
8,ísle,4
4,gcuibhreann,11
8,aisghairtear,12
16,saincheist,10
68,iúil,4
16,réamhrá,7
4,hionaid,7
8,faighteoirí,11
8,caighdeán,9
70,comhchoiteann,13
4,forlíontar,10
27,dhílis,6
14,bainistíochta,13
4,dlíthiúlacht,12
14,coimhdeacht,11
4,dlíthiúlachta,13
18,docht,5
4,feidhmeanna,11
4,fhorghníomhú,12
28,hoibleagáid,11
4,soiléireacht,12
4,cothromaíocht,13
12,fhisiciúil,10
4,hais,4
62,etc,3
4,comhsheasmhach,14
16,feasacht,8
13,cuntasachta,11
13,eagrófar,8
24,tslándáil,9
27,gar,3
4,stiúrthóireachtaí,17
8,theorannú,9
8,comhréireach,12
12,mbagairt,8
15,ionchasach,10
8,fothaí,6
8,seirbhís,8
4,infosec,7
16,bagairtí,8
38,modhanna,8
4,shéanamh,8
4,dlúthchomhar,12
4,príomhchuspóirí,15
4,spiaireacht,11
4,gcórais,7
27,chumarsáide,11
28,líonraí,7
223,cumarsáide,10
4,shláine,7
8,infhaighteacht,14
8,sabaitéireachta,15
4,mhailísigh,10
4,thoiliúil,9
4,cliseadh,8
13,sinn,4
4,iarmhairtí,10
4,feabhais,8
6,bhfreagródh,11
8,íogaireacht,11
15,coimirciú,9
49,sreabhadh,9
4,rianúil,7
8,ró,2
8,gann,4
32,córais,6
4,spiaireachta,12
4,sceimhlitheoireachta,20
37,phleanáil,9
8,háitribh,8
14,siúd,4
4,léibhéal,8
8,hard,4
4,bhailiúchán,11
4,chomhchodanna,13
4,aidhmeanna,10
70,mbeart,6
4,leathnófar,10
4,mheáin,6
4,iompraítear,11
8,suiteálacha,11
79,tábhachtacha,12
8,bhrath,6
4,bpost,5
16,gcontúirt,9
4,shuiteálacha,12
5,scaipfear,9
13,sláine,6
4,leictreamaighnéadach,20
24,chomhchoiteanna,15
38,araon,5
4,conraitheoirí,13
4,sheachadadh,11
25,cúramach,8
25,himréiteach,11
4,deontais,8
14,d'eintitis,10
4,thionsclaíocha,14
12,d'fhostaithe,12
4,bhféadfaidís,12
4,críochnúla,10
4,léigh,5
4,lántuiscint,11
4,bhainisteoirí,13
4,hiad,4
73,bhfoireann,10
16,d'obair,7
12,dhaingne,8
4,teagmhais,9
4,leochaileachtaí,15
4,dealraitheacha,14
4,dhochrach,9
52,solais,6
10,dteagmháil,10
4,fhreagrach,10
10,shuitear,8
4,urchosc,7
4,aistrú,6
4,fisiciúla,9
12,fisiciúil,9
13,cleachtais,10
4,chomhionanna,12
4,coimeád,7
4,seiceáil,8
4,gcoimeád,8
5,stóráilte,9
5,gléas,5
8,glais,5
8,aláraim,7
4,uaireanta,9
4,foirgneamh,10
17,nádúr,5
4,fuinneoga,9
4,dhoirse,7
4,gardaí,6
4,uathoibríocha,13
4,patróil,7
4,ionradh,7
4,gadhair,7
4,gharda,6
37,brath,5
8,fhoirgneamh,11
4,gcoimeádán,10
20,fhoirgnimh,10
4,mbaol,5
4,teagmhasacha,12
24,sainitheoirí,12
17,marcálacha,10
4,greamú,6
4,aicimiúcháin,12
12,sainitheoir,11
4,chiallóidh,10
4,íslú,4
4,teagmhas,8
4,crypto,6
17,aitheanta,9
4,haicmiúchán,11
4,lánchoisc,9
17,hionann,7
16,ghreamú,7
4,aar,3
12,meicniúla,9
10,leictreonacha,13
4,bar,3
4,phriontáil,10
4,réamhstampáilte,15
140,cláraithe,9
4,car,3
10,choimeádfar,11
4,oireann,7
10,coimeádfar,10
4,híseal,6
15,tábhachtach,11
4,iomarca,7
4,aicimiú,7
8,iatáin,6
4,hiatáin,7
4,chlaonadh,9
4,haicmithe,9
8,leathanaigh,11
4,d’iarscríbhinní,15
4,cheangaltáin,12
4,d'iatáin,8
24,iniúchtaí,9
16,stiúrthóireacht,15
4,tréimhsiúla,11
5,gcúram,6
11,ndéanfaí,8
13,measúnuithe,11
4,piaraí,6
13,athscrúdú,9
29,tréimhsiúil,11
4,ndí,3
28,aicmítear,9
4,bpróiseas,9
4,lonnaithe,9
9,cartlanna,9
7,cartlainne,10
4,doiciméadachta,14
4,cardoc,6
4,mharcáil,8
4,chrosáil,8
20,leathanach,10
4,clúdaigh,8
4,stampáil,8
25,fiche,5
16,chlúdaítear,11
24,eisceacht,9
32,príobháideachas,15
4,thíolcadh,9
4,dodhéantacht,12
8,beo,3
4,fhoilseachán,12
4,fhoilseacháin,13
24,dtabharfaí,10
20,bpointí,7
74,cúrsaí,6
8,tascanna,8
13,cheapann,8
16,éisteodh,8
8,náisiúnach,10
20,hachomhairc,11
8,dhearfach,9
19,dhiúltach,9
8,soiléirithe,11
8,dheimhnítear,12
17,fhad,4
10,freagairt,9
16,uathu,5
4,d’fheisire,10
8,scagtha,7
4,húdaruithe,10
4,aicimithe,9
40,seirbhíse,9
4,d’oifigigh,10
4,d’fhostaithe,12
4,gceapann,8
4,d’oifigeach,11
4,d’fhostaí,9
4,údaruithe,9
36,ghual,5
36,cruach,6
36,hacmhainní,10
16,cefa,4
19,chuspóir,8
12,comhallfaidh,12
60,shealadaigh,11
12,dhroim,6
12,rudaí,5
375,comhphobail,11
12,comhphobal,10
12,finnéithe,9
24,foilsiú,7
12,líomhain,8
12,réamhdhlíthíochta,17
24,scoirfidh,9
12,thuarascála,11
12,sheol,5
60,rialtas,7
65,fhorais,7
130,seirbhísigh,11
12,threoraíonn,11
33,gcoisctear,10
24,dtoirmisctear,13
12,chonstaic,9
24,phoibliú,8
12,sicréideach,11
34,bhuanionadaíochtaí,18
12,plaisteach,10
12,dtaispeánfar,12
12,sloinne,7
12,céadainmneacha,14
12,tsealbhóra,10
12,ghnólachta,10
6,tsuaitheantais,14
12,cruth,5
12,dath,4
24,gcomparáid,10
18,eisítear,8
6,cuairteoirí,11
12,ócáideacha,10
12,chomhlíon,9
114,ghearán,7
54,comhrúnaíocht,13
24,fhágfaidh,9
65,ngairtear,9
6,dé,2
13,lucht,5
6,gcoimeádann,11
8,agallamh,8
27,trédhearcach,12
18,ionadaíocha,11
7,dtiomantas,10
73,comhaontaíonn,13
105,anseo,5
12,chlárúcháin,11
6,bhforlíonadh,12
6,chomhghrúpa,11
6,ionchuir,8
6,bailíodh,8
18,teachtaireacht,14
6,nionadaithe,11
6,coim,4
6,chreata,7
38,brústocairí,11
7,bhac,4
6,thoghthóirí,11
6,thoghlach,9
6,eagraíochtúla,13
19,dícheall,8
6,hoibreoirí,10
6,féinne,6
12,struchtúr,9
9,−,1
28,cáilithe,8
72,ghearáin,8
168,gearáin,7
39,eisiata,7
18,clúdaíonn,9
24,chinnteoireachta,16
18,spleáchas,9
6,eisfhoinsiú,11
6,meáin,5
6,hidirghabhálaithe,17
30,smaointe,8
24,ardáin,6
18,feachtais,9
6,ngnáthphobal,12
35,d'fhoireann,11
6,plépháipéir,11
6,bolscaireachta,14
12,cuirí,5
18,gcomhairliúcháin,16
6,fhoirmiúla,10
36,táthar,6
6,níltear,7
30,gcláróidh,9
6,tíre,4
15,taidhleoireachta,16
6,bhunúsaigh,10
6,cliant,6
6,triail,6
12,dlíodóirí,9
6,ghairmithe,10
12,chliaint,8
6,riocht,6
46,cabhrú,6
6,idirghabhála,12
21,bhreithiúnaigh,14
6,cuideachta,10
6,comhairleoirí,13
6,gcomhpháirtithe,15
6,idirphlé,8
12,ceardchumainn,13
6,fostóirí,8
30,eintiteas,9
36,institiúideach,14
6,lgníomhaíochtaí,15
6,leithleach,10
6,shaineolas,10
6,indibhidiúlaithe,16
6,comhairleacha,13
6,fhóraim,7
12,heaglaisí,9
24,pobail,6
24,reiligiúnacha,13
24,dhlíthiúla,10
15,chruthaítear,12
12,déileálacha,11
12,gcomhlachais,12
30,bhardasacha,11
6,comhghníomhaíochta,18
6,phearsantacht,13
6,dhlítheanach,12
6,facto,5
12,foinse,6
6,eagraithe,9
27,teagmhála,9
6,riartha,7
6,cónaidhmeanna,13
6,trédhearcacha,13
6,bpoibleoidh,11
6,daone,5
6,bpoibleofar,11
12,ngníomhóidh,11
6,sholáthrófar,12
7,taca,4
15,aire,4
6,gcláraithe,10
66,neamhchomhlíonadh,17
49,imscrúdaithe,12
7,ábharthach,10
6,amhrasta,8
36,ardrúnaithe,11
15,lárnacha,8
6,oibríochtúla,12
6,comhstruchtúr,13
6,chomhrúnaíocht,14
33,chomhordú,9
6,aonaid,6
6,eisiúna,7
6,clárúchán,9
6,gcríoch,7
6,sainiúil,8
6,dreasachtaí,11
17,oiliúint,8
6,bunstaidrimh,12
6,bunachar,8
6,inneall,7
6,cuardaigh,9
6,úsáideoir,9
6,bhunachair,10
6,bhformáidí,10
6,meaisín,7
6,inléite,7
6,geallsealbhóirí,15
6,fhreagracha,11
6,spreagtar,9
18,thagartha,9
6,idirghníomhaíocht,17
6,tarlóidh,8
12,gclárúchán,10
10,thúisce,7
6,athnuachana,11
6,gclárúcháin,11
18,coimisiúin,10
52,theacht,7
6,chomhchoitinn,13
6,chlárúchán,10
41,nuashonrú,9
24,athbhreithnithe,15
24,comhairleachtaí,15
36,gnólachtaí,10
30,sainchomhairleoirí,18
78,foroinn,7
36,brústocaireacht,15
18,ghairmiúla,10
6,hinmheánach,11
6,seachbhrabúsacha,16
6,dlithiúil,9
6,fondúireachtaí,14
6,carthanachtaí,13
18,acadúla,7
6,sainfheidhmeacha,16
6,príomhchuspóir,14
18,eaglaisí,8
12,nb,2
18,mheasctha,9
12,fonáisiúnta,11
18,measctha,8
17,príobháideach,13
30,uimhir,6
26,ríomhphoist,11
81,stiúrthóir,10
6,chomhpháirtí,12
6,phríomhphointe,14
6,clárúcháin,10
6,nuashonrúcháin,14
6,teidlíocht,10
31,foireann,8
6,chláirnombre,12
6,personnes,9
6,membres,7
6,personnel,9
6,participant,11
6,aux,3
6,activités,9
6,qui,3
6,relèvent,8
24,du,2
6,champ,5
6,d'application,13
6,registre,8
6,spriocanna,10
6,sainchúram,10
12,oibríochtaí,11
6,cleamhnachtaí,13
6,príomhthograí,13
24,chláraí,7
6,gclúdódh,8
27,sholáthraítear,14
28,mbainfeadh,10
12,hathnuachana,12
6,eisiatar,8
6,comhaireamh,11
6,dúbáilte,8
12,gcliaint,8
12,greille,7
12,cliaint,7
6,conarthacha,11
15,ndearbhuithe,12
6,fomheastachán,13
6,eisíocaíocht,12
6,fhógartha,9
24,láimhdeachas,12
6,inchurtha,9
6,ualú,4
25,réime,5
7,>,1
6,meastachán,10
6,miondealú,9
6,príomhfhoinsí,13
6,cistiúcháin,11
6,chistiúcháin,12
6,haidhmeanna,11
18,mímhacánta,10
6,brú,3
6,neamhfhóirsteanach,18
6,mífhaisnéis,11
6,míthreoir,9
13,eol,3
12,míthreorach,11
66,cóipeanna,9
6,dhíol,5
12,oiliúnaithe,11
6,aslú,4
6,fhostaíonn,10
6,cloí,4
6,inaistrithe,11
6,dochtrespectent,15
6,strictement,11
6,les,3
6,dispositions,12
12,l'article,9
12,celles,6
12,l'annexe,8
6,et,2
6,deuxième,8
6,alinéa,6
6,règlement,9
18,deimhneoidh,11
24,chúnamh,7
6,conarthach,10
24,cúntóir,7
12,fhostú,6
6,chaighdeánach,13
18,chomhlánú,9
36,gcláraí,7
60,ghearánaigh,11
81,ngearán,7
12,thacaíonn,9
6,chlásail,8
6,líomhnaíonn,11
126,gearánach,9
18,déileáiltear,12
18,líomhaintí,10
7,ceanglaíonn,11
6,dhóthanach,10
6,bhfaighfí,9
6,fhíorúcháin,11
54,cláraí,6
6,bhaileofar,10
72,ghearánach,10
6,thaispeánann,12
7,bhunús,6
6,sheastar,8
8,fhionraí,8
6,bhfadhb,7
12,shealadach,10
12,tábla,5
6,neamhiomlán,11
6,d'ocht,6
6,chlárathe,9
6,cheartaíonn,11
6,trémhse,7
6,tréimshe,8
42,leordhóthanacha,15
6,forchur,7
6,toirmeasc,9
6,chríochnaithigh,15
12,gcaestóir,9
6,shuaitheantais,14
24,neamhchomhlíonta,16
6,neamhbheartaithe,16
6,ceartú,6
6,bhfíoras,8
6,gceartú,7
24,pe,2
27,sprioc,6
6,ceartaitheach,13
6,dianseasmhach,13
12,d'fhormheas,11
12,ngaolmhaireacht,15
12,d'oibleagáid,12
24,huiríll,7
12,chuimsitheach,13
34,coiriúil,8
24,suntais,7
12,féidearthacht,13
129,comhoibriú,10
48,mballstáit,10
35,dlíthe,6
36,ráthaíocht,10
36,scor,4
12,chabhróidh,10
12,idiragairt,10
12,gcúirteanna,11
12,fóntacht,8
12,cés,3
36,chéadchéime,11
84,thaisceann,10
33,féidearthachtaí,15
49,hiarratais,10
12,achainíodh,10
12,bharúil,7
57,úsáideach,9
21,soiléiriú,9
12,deireanaí,9
12,nochtfaidh,10
24,shásamh,7
51,dréachtmholtaí,14
18,ceanglófar,10
12,chaitheann,10
24,éifeachtúla,11
12,coimirce,8
48,fheiceáil,9
12,athcheapadh,11
12,lánchearta,10
12,bhreithiúnachta,15
12,luathscor,9
18,staonfaidh,10
30,macánta,7
12,discréideach,12
17,pholaitíochta,13
12,sochrach,8
12,neamhshochrach,14
24,pinsin,6
12,breitheamh,10
12,príomhoifigeach,15
12,iasachtú,8
12,bhunaidh,8
12,suite,5
12,d'fhiosrúchán,13
25,uimhriú,7
111,ngearánach,10
24,aistríonn,9
12,shainordaithe,13
12,bhreith,7
69,dúnann,6
79,comhad,6
171,cuireann,8
9,chuimseoidh,11
9,nochtfar,8
48,míneoidh,8
33,réasúnach,9
68,chomhad,7
12,saineolaí,9
12,choimisiúnú,11
12,rath,4
24,fhiosrúchán,11
12,chairdiúla,10
12,aimsíonn,8
12,comhoibríonn,12
36,cairdiúil,9
24,éirigh,6
46,iarracht,8
12,dhúnann,7
12,dhréachtmholtaí,15
24,sásúil,6
24,bhfiosrúcháin,13
12,thionscnaítear,14
50,bhíonn,6
18,léiríodh,8
9,aicmíodh,8
33,dhéanfadh,9
9,d'iontaofacht,13
29,leanúnaigh,10
31,nochtfaí,8
12,ríomhphost,10
12,dhóthain,8
45,tugtar,6
24,chóip,5
12,muirir,6
34,réasúnacha,10
12,ríofa,5
12,mhuirir,7
42,leathnú,7
23,cuirtear,8
12,d'iarratas,10
12,scríobhtar,10
12,poibleoidh,10
12,spéis,5
12,achoimrí,8
36,frith,5
12,foráiltear,10
12,síneann,7
12,mhírialta,9
36,coiriúla,8
12,chomhraic,9
48,calaoise,8
12,shaothrú,8
33,staideanna,10
24,tromchúiseacha,14
24,gairmiúil,9
22,analógacha,10
32,prótacal,8
22,dtéacsanna,10
33,choinníollacha,14
39,coibhéiseacha,13
16,chúraim,7
12,fhreagrachtaí,13
65,ngníomhaireachtaí,17
12,laghdódh,8
11,chomhoibreoidh,14
12,bainisteoirí,12
12,gníomhairí,10
12,ghníomhairí,11
13,toimhde,7
24,éillithe,8
11,neamhdhleathach,15
22,leanfadh,8
22,aisti,5
12,ardstiúrthóir,13
22,fóinteach,9
12,mainneachtana,13
11,ardstiúrthóirí,14
11,thoimhde,8
11,héagothrom,10
11,hidirdhealaitheach,18
48,leasmhar,8
21,mear,4
12,d'oifigeach,11
12,sheirbhíseach,13
12,imscrúdaitheacha,16
12,hoibleagáide,12
12,éifeachta,9
11,bhfocal,7
11,áirithítear,11
12,dréachtchláir,13
120,dréachtbhearta,14
12,liostaí,7
12,hionadaíocht,12
22,poibleofar,10
12,beifear,7
24,thosóidh,8
20,feidhmiúil,10
12,nasc,4
64,mhalartú,8
12,hidirthréimhse,14
12,cheangaltán,11
12,iontrálfar,10
12,mhiontuairiscí,14
24,breithiúnas,11
11,t-/,3
12,rothmans,8
37,commission,10
12,ecr,3
11,ii-,3
12,tharraingeoidh,14
14,ráthaíochtaí,12
14,rachadh,7
12,chineálacha,11
12,bhainistíocht,13
11,dhaonnúil,9
12,theoranta,9
12,bailíochta,10
12,fíorphráinneacha,16
24,fheictear,9
11,bpráinn,7
11,iontráil,8
206,geallann,8
12,athluadh,8
12,cre,3
12,bolkestein,10
11,hearnála,8
12,urrúis,6
13,bainc,5
12,árachas,7
22,cuntasaíocht,12
12,thréimhsí,9
11,sosa,4
12,geimhreadh,10
12,samhradh,8
12,ullamh,6
25,lán,3
12,plumb,5
12,delors,6
12,samland,7
12,williamson,10
11,vive,4
11,ndi,3
27,-ag,3
45,cae,3
75,toghaí,6
9,iarrthacha,10
12,neartaíonn,10
35,dlisteanacht,12
12,dhaonlathach,12
10,fíorthábhachtach,16
32,thrasuí,7
11,orgáin,6
9,róil,4
24,uasdátú,7
9,comhpháirtíocht,15
51,cuiditheach,11
9,eolasach,8
9,dearcaí,7
11,deir,4
13,chinnteoidh,11
12,comhchuí,8
12,choláisteacht,13
23,choimhlint,10
18,bhfeachtais,11
11,ghníomhach,10
9,dtoghcháin,10
27,saoire,6
9,phá,3
36,dáiríre,7
31,chomhairliúchán,15
9,aontóidh,8
11,dithnis,7
9,beagán,6
9,athdháileadh,12
30,bhfreagrachtaí,14
9,hathdháileadh,13
12,iompraíocht,11
9,ráthaíonn,9
9,comhleasa,9
9,chomhagallamh,13
55,choláiste,9
10,thíolacfar,10
11,sainaithneoidh,14
44,mhodh,5
40,chomhagallaimh,14
11,uasdátófar,10
45,bog,3
12,dhírítear,9
11,rabhthas,8
18,ghiorrú,7
9,uileghabhálaí,13
9,ndáilfear,9
18,geallfaidh,10
9,comhfhreagrach,14
9,dtíolacfaidh,12
10,gcomhoibreoidh,14
18,dlúth,5
54,thionscnaimh,12
10,chomhlíontar,12
9,tairseacha,10
9,aistriúcháin,12
13,riarachán,9
12,agraítear,9
9,lánéifeacht,11
11,coimircí,8
9,admhaíonn,9
27,chaibidlíochtaí,15
9,gcomhdhálacha,13
30,éascóidh,8
21,córasach,8
9,bhféidearthachtaí,17
9,breathnadóra,12
95,chaibidlíochta,14
15,iltaobhacha,11
9,hócáidí,7
12,mhórghnéithe,12
12,mórfhorbairtí,13
11,ghealltáin,10
12,deontóirí,9
11,gealltáin,9
12,maoirsiú,8
40,blianta,7
18,rialála,7
9,dtiocfadh,9
9,phost,5
9,ardán,5
9,coitinne,8
12,dtuairisceoidh,14
12,dtarraingeoidh,14
24,meabhraítear,12
12,aireachta,9
12,gcloíonn,8
12,bhforbairt,10
12,mheabhrúchán,12
9,gheallúint,10
12,athchomhairliúchán,18
12,fíorthosaíochta,15
36,reachtóireacht,14
9,mheasúnuithe,12
21,ráthaítear,10
9,cúinsí,6
9,céime,5
32,bainfidh,8
9,táblaí,6
9,comhghaoil,10
9,éigeantacha,11
18,trasuí,6
9,chuirí,6
9,comhthráthacha,14
13,bhfreagracht,12
9,réamh,5
9,dhréachtchláir,14
9,huair,5
9,ceannairí,9
9,spontáineach,12
9,tiomnaithe,10
9,théama,6
9,déardaoin,9
15,ullmhaithe,10
20,athchóiriú,10
23,dréachtaí,9
24,lánaird,7
23,gcláir,6
9,comhthreomhara,14
20,daingníonn,10
9,thiomantas,10
9,oiriúnaíodh,11
18,réimeas,7
9,dheireanach,11
9,comhleanúnach,13
9,forásach,8
18,comhlánaíonn,12
9,fearrio,7
9,hullmhúcháin,12
44,éifeachtach,11
30,tríthaobhach,12
9,chomhthuiscint,14
9,modúlachtaí,11
36,coisteolaíochta,15
9,idirinstiúideach,16
9,bosca,5
11,iontaofachta,12
11,frithpháirtí,12
45,euci,4
69,hiarscríbhinne,14
11,hiomaíocht,10
9,eiscthe,7
13,urramóidh,9
12,thriail,7
12,príobháideachta,15
12,cobhsaíocht,11
9,láimhseálfaidh,14
9,cosnóidh,8
9,choiteanna,10
9,hinniúlachtaí,13
9,leitj,5
10,chomhairliúcháin,16
11,forchoimeádann,14
11,sásamh,6
9,/eu,3
18,géarghá,7
9,sainiú,6
21,comhthoil,9
9,catagóir,8
53,gcomhthráth,11
9,iarmhartacha,12
9,shaincheist,11
9,phríomhchlárlann,16
9,choibhéiseach,13
12,fhíoreisceachtúla,17
10,láithreacht,11
10,bhailiú,7
9,fhótachóipeanna,15
9,stórála,7
11,scrúdaítear,11
9,pionósú,7
9,fhostaithe,10
9,áireoidh,8
9,comhfhaireachán,15
9,chaighdéain,11
9,theicniúla,10
9,fisicí,6
9,teicneolaíochta,15
10,caibidilíochta,14
27,inisealú,8
27,ionchorpraíodh,14
11,murar,5
9,fáth,4
9,hinisealú,9
10,éilíonn,7
9,laghadh,7
9,chríochnúil,11
9,thiocfadh,9
9,toilithe,8
10,bhformheasfaidh,15
35,modhnuithe,10
9,maolaithe,9
22,thosaíochtaí,12
18,comhagallaimh,13
9,comhthuiscint,13
9,phleanáilte,11
9,seimeastar,10
9,rachfaidh,9
9,comhfhreagracha,15
11,dhéthaobhaigh,13
9,mheithimh,9
9,mhionscrúdaithe,15
31,thuarascálacha,14
30,tionólfar,9
9,príomheilimintí,15
9,dtreorófar,10
12,nollag,6
12,timthriall,10
11,mblianta,8
12,sainítear,9
24,hoscailteachta,14
12,síorphróiseas,13
12,ionsar,6
12,buandlúite,10
13,ea,2
12,dhóigh,6
24,hoscailte,9
11,cumasaíonn,10
22,dlúithe,7
21,éifeachtaí,10
12,cuntasaí,8
11,ranchuidíonn,12
12,birmingham,10
12,ndún,4
12,éideann,7
12,gcóbanhávan,11
12,béim,4
11,comhdhlúthaítear,16
20,hionstraim,10
24,amstardam,9
12,ndeonófaí,9
33,leithne,7
12,fíoríogair,10
33,ndoiciméid,10
11,oscailteachta,13
12,gcumas,6
70,heisceachtaí,12
11,bhféidearthacht,15
23,éasca,5
11,ainneoin,8
11,imscrúdúcháin,13
12,//cegc,6
12,schengen,8
23,feasta,6
44,chleachtas,10
12,gcónaíonn,9
12,eascairt,8
11,fhuaimthaifeadadh,17
11,amharcthaifeadadh,17
22,mbainfí,7
12,maoin,5
12,intleachtúil,12
12,cigireachtaí,12
36,sáraitheach,11
23,úsáide,6
12,réamhchomhairliúcháin,21
23,iarrtha,7
36,scaoileadh,10
12,gcosaint,8
12,sheilbh,7
36,fhada,5
11,háit,4
22,chláraítear,11
24,bhfreagra,9
22,pháirtigh,9
22,fhorordaithe,12
12,leigheasanna,12
12,diúltach,8
12,trés,4
11,comhaontaítear,14
11,leithéid,8
24,muirear,7
24,gcóipeanna,10
12,costas,6
12,saor,4
12,aisce,5
12,scaoilte,8
12,fhormáid,8
12,bhformáid,9
11,braille,7
11,théip,5
13,iarratasóra,11
12,straitéise,10
51,comhsheasaimh,13
24,coinbhinsiúin,13
33,cleachtas,9
12,forbróidh,9
12,choimhlintí,11
12,cóipcheart,10
12,diúltuithe,10
12,infheicthe,10
12,maslach,7
12,clúmhillteach,13
12,bhfanann,8
23,gníomhach,9
12,fostú,5
11,toilíochta,10
12,mheasúnacht,11
11,dtiomantais,11
12,scileanna,9
11,chóimheá,8
12,barúil,6
11,leithdháilfidh,14
12,éisteachta,10
12,eagróidh,8
36,choimisinéara,13
23,bheag,5
16,tiomantas,9
35,chúinsí,7
32,héisteachta,11
4,téama,5
4,formhór,7
12,comhrá,6
12,iolraíoch,9
11,fístaifeadadh,13
12,innéacsaithe,12
12,sannta,6
4,múnla,5
4,pro,3
4,forma,5
4,dhearadh,8
16,meastóireachta,14
4,héisteacht,10
4,scríobhfaidh,12
12,dheiridh,8
13,thoghaí,7
36,coimisinéara,12
13,mhaolú,6
4,ochtú,5
24,leasaíodh,9
11,comhdhlúthaíodh,15
12,meitheal,8
60,straitéiseacha,14
11,thosaíochta,11
22,fhaireachán,11
12,réamhfhógra,11
11,chuóta,6
11,fhorfheidhmiú,13
35,cuóta,5
12,méadófar,8
33,huasteorann,11
11,adh,3
12,anailíse,8
13,gcaitheamh,10
23,mbundoiciméad,13
23,foilsíodh,9
10,oi,2
10,figiúil,7
11,bhundoiciméad,13
11,bhunaítear,10
12,cruinn,6
12,bhundoiciméid,13
11,géillfidh,9
14,gcuóta,6
12,leithroinnte,12
11,nuac,4
11,tará,4
12,luan,4
11,míosúla,7
12,druidim,7
11,cealaítear,10
11,domhain,7
12,oibríoch,8
12,arm,3
12,chomhthionól,12
11,comhrac,7
12,bei,3
12,re,2
22,airgeadas,9
12,aea,3
11,réamhullmhúcháin,16
13,comhtháite,10
11,leathana,8
12,bce,3
12,iomaíochais,11
12,scórchlár,9
12,tomhaltóirí,11
12,solvit,6
12,saol,4
12,iolrachais,10
12,rannpháirtíochta,16
11,cóineasú,8
11,breisluach,10
22,sineirgí,8
18,dtosaíochtaí,12
24,aithníonn,9
36,cumarsáid,9
12,creideann,9
11,gurbh,5
11,ilchineálach,12
11,gcumasófaí,10
11,mbarúlacha,10
11,ilteangachas,12
12,tiomanta,8
12,spreagann,9
24,iarrachtaí,10
12,dhúshlán,8
12,oibiachtúil,11
11,dream,5
12,hionadaithe,11
13,mhaith,6
12,pragmatach,10
24,chothú,6
36,gie,3
11,fhónann,7
11,sineirge,8
11,comhlántacht,12
21,gcomhchathaoirligh,18
12,mbonn,5
15,straitéis,9
11,sainaithint,11
12,ionchais,8
20,rathúil,7
12,earnálacha,10
12,síníodh,7
13,mhíle,5
12,hocht,5
9,cruthaithe,10
63,comhchathaoirligh,17
9,mhodhanna,9
9,héifeachtúlachta,16
9,simpliúcháin,12
9,acquis,6
9,communautaire,13
12,theagmhálacha,13
9,hoibre,6
18,chóineasaithe,13
21,gcomhad,7
9,bhféilirí,9
9,chomhleanúnach,14
9,acmhainneacht,13
9,sholúbacht,10
40,léimh,5
9,féadtar,7
18,neamhfhoirmiúla,15
27,coreper,7
18,toilteanas,10
36,fíorúcháin,10
18,ndaingneofar,12
18,sainchomhad,11
18,theagmháil,10
19,chomhsheasaimh,14
9,dtarchuirfidh,13
10,tharchuirfear,13
10,b'fhéidir,9
9,comhchathaoirleach,18
18,sea,3
9,mbeartú,7
9,treoraíocht,11
9,bpríomhábhar,12
9,sceidealú,9
18,sosanna,7
9,gcumasódh,9
9,d’úsáideoirí,12
9,héifeachtúil,12
18,gcomhchathaoirleach,19
9,spriocamma,10
10,dtaifead,8
9,gclárlann,9
9,hardrúnaíocht,13
10,measfaidh,9
18,dlítheangeolaíochta,19
9,athoscailt,10
18,clásail,7
9,hionchorprú,11
14,comhchinnteoireacht,19
19,coisteolaíocht,14
9,preasa,6
9,preasráitis,11
9,chomhpháirteacha,16
9,searmanas,9
9,iri,3
9,sh,2
9,shainaithníonn,14
9,chléireachais,13
9,fhollasach,10
12,ullmhóidh,9
25,foilsithe,9
11,infheictheacht,14
11,comhlánú,8
12,comhaontaíodh,13
11,fócas,5
12,príomhchomhlacht,16
11,tréithe,7
12,neamhchonspóideach,18
11,uachtaránachta,14
11,fhéidearthacht,14
11,fhorleathan,11
15,chothromaíocht,14
12,d’ardrúnaíocht,14
12,d’fhoireann,11
12,seanbhunaithe,13
12,cholún,6
12,aiseolas,8
23,thángthas,9
11,thríthaobhaigh,14
12,comhairleoir,12
12,rapóirtéara,11
12,chomhchinnteoireachta,21
10,phríomhchomhlacht,17
10,innéacs,7
34,uimhreacha,10
20,arabacha,8
20,rómhánacha,10
10,huimhreacha,11
20,niarscríbhinní,14
33,viiii,5
11,viixx,5
10,bratach,7
33,viiiv,5
44,viiv,4
88,viixvi,6
30,cáineadh,8
10,cairt,5
22,viixvii,7
10,bhanc,5
3,choinbheacht,12
10,d'éirí,6
28,viiie,5
66,viiic,5
64,viixviii,8
10,maoirseachta,12
10,feasachán,9
3,láithrean,9
10,léamha,6
10,liúntais,8
13,m,1
13,o,1
11,p,1
12,r,1
10,áiléar,6
4,slandáil,8
10,suirbhéanna,11
20,eolaíochta,10
10,thógtar,7
11,scaiptear,9
14,ráta,4
10,féintionscnamh,14
11,u,1
14,oiriúnaithe,11
12,foilsítear,10
12,leabhráin,9
12,heagráin,8
12,foilseachán,11
21,ham,3
10,http//wwweuroparleuropaeu,25
1,hahn,4
2,lárnach,7
5,fbmanna,7
2,ngeilleagar,11
1,creatbheart,11
1,cuimsitheach,12
1,bhunaigh,8
1,mionghnóthas,12
1,óir,3
4,gcaithfear,10
1,gclárthréimhse,14
3,billiún,7
1,infheistíocht,13
1,tháirgiúil,10
2,sciar,5
5,fmbanna,7
2,leithdháilte,12
1,inoiriúnaitheacht,17
2,fiontar,7
1,ngleic,6
1,sciartha,8
1,gcistí,6
2,riachtanas,10
1,anuas,5
1,gnáthdheontais,14
2,iasachtaí,9
1,jeremie,7
1,mhaoinítear,11
2,cistí,5
1,timthriallacha,14
1,cómhaoiniú,10
1,chuidiú,7
1,leachtachta,11
2,iomaíochas,10
2,nuálaíocht,10
1,éascaíonn,9
1,infheistíochtaí,15
1,gcaipiteal,10
1,bhain,5
1,fmb,3
1,hinfheistíochtaí,16
1,fhiche,6
2,ranníocaíocht,13
1,maoiniúcháin,12
1,áis,3
2,mhicrea‑airgeadais,18
1,dhreamanna,10
1,leochaileacha,13
1,dífhostaithe,12
1,óga,3
1,gnáthiasacht,12
1,mhicreafhiontair,16
1,deichniúr,9
1,micreafhiontar,14
1,beaga,5
1,meánfhiontar,12
3,milliún,7
1,méadóidh,8
1,micreachreidiúint,17
1,mbliana,7
1,chois,5
1,críochach,9
1,cuidiú,6
5,eolais,6
2,saintacaíochta,14
2,mhíchumas,9
1,scéimeanna,10
1,straitéisí,10
12,shon,4
9,ceadóidh,8
7,idirchoiste,11
3,trádáil,7
4,harchur,7
9,comhlánaithe,12
9,bhronntanas,11
9,fhorchuirtear,13
3,mhainnigh,9
6,phas,4
30,pas,3
6,chuairteoirí,12
6,brústocaire,11
6,fiosróidh,9
6,bhfeidhmíonn,12
6,éileoidh,8
6,brabúis,7
6,iaroifigigh,11
6,earcú,5
6,eisíodh,7
6,ngnólachtaí,11
3,cruinneas,9
3,neamhfhoilsithe,15
3,géillfear,9
3,d'iarratais,11
3,ndúntar,7
3,bhfoilsiú,9
3,pleanála,8
2,ath,3
2,mímhuinín,9
3,dúthrachtach,12
3,athraítear,10
3,láithreoidh,11
3,bhrainse,8
2,buailfidh,9
3,freastalóidh,12
3,dearcadh,8
3,pharlaiminitigh,15
4,shoiléir,8
2,breathnadóireachta,18
2,topaiciúla,10
3,sainchumhachtaí,15
2,thráthúil,9
3,urrús,5
3,bhaincéireachta,15
3,árachais,8
3,athdhearbhaíodh,15
3,cothromaithe,12
2,sroichte,8
3,fhoirmiúil,10
3,athneartú,9
3,bunreachta,10
3,shrianta,8
3,chóipeanna,10
3,sonra,5
4,sbb,3
3,phríomhlínte,12
3,sainréimsí,10
3,samhna,6
8,chúig,5
21,xivii,5
6,xivi,4
15,haontú,6
2,gcomhpháirtíocht,16
1,membru,6
2,dir,3
2,fhá,3
2,il,2
6,bpáirt,6
2,eisiún,6
2,fao,3
2,iú,2
3,mb,2
2,eadh,4
2,reithniú,8
2,en,2
1,thionó,6
1,dhianrún,8
40,daichead,8
1,thríocha,8
1,dtiteann,8
1,díospóidithe,12
2,gcoimisiúin,11
5,éard,4
1,fhógraítear,11
1,ndaingnítear,12
5,mhainníonn,10
10,dhaichead,9
1,bhfógraíonn,11
1,thionscnóidh,12
1,dtorthaí,8
2,gás,3
6,gcomhsheasamh,13
3,críochnúil,10
3,hiarratas,9
1,bheartaítear,12
1,chornadh,8
1,bhfreagraí,10
2,tionadaí,8
1,mbreithnítear,13
1,boird,5
1,sholáthróidh,12
1,foinsí,6
3,tríocha,7
1,eisceachta,10
1,gccomhair,9
1,gomhair,7
1,gcruthaíonn,11
1,urramaíodh,10
1,choinbhinsiún,13
1,cheadaithe,10
2,réamchúraimí,12
1,léig,4
1,leasuith,8
1,aineann,7
1,caoga,5
1,réamhbhreith,12
3,leaschathaoirleach,18
1,fé,2
1,olas,4
1,polai,5
1,grúp,4
1,fírinne,7
2,comparáide,10
2,gcomhráite,10
1,mheabhrú,8
2,ainaithnideachta,16
1,bua,3
1,haicmí,6
1,íoctar,6
1,tairbhí,7
2,bhfaighfidh,11
3,-an,3
2,cheannteidil,12
4,rial,4
2,gcéannacht,10
2,formáid,7
4,thráthanna,10
2,tsamhail,8
2,staitisiúil,11
4,uasráta,7
1,socraítear,10
1,huasráta,8
1,dréachtchinntí,14
1,dódhéaguithe,12
1,tairgthe,8
1,mhéadódh,8
2,modhnaithe,10
1,modhnóidh,9
1,diúltaítear,11
1,ndódhéaguithe,13
1,dódhéagú,8
2,bhreathnóireacht,16
2,chaipitil,9
2,tsoláthar,9
1,céadchéime,10
2,neamhinghlactha,15
2,déan,4
2,mbuanionadaíochtaí,18
2,saothar,7
2,hinstitúidí,11
2,d'am,4
2,choiriúil,9
1,forálann,8
7,stiúradh,8
1,uathriail,9
1,cora,4
3,thagraítear,11
2,oibligeáidí,11
1,cosúla,6
33,mbíonn,6
1,lánchomhlíonadh,15
2,gcomhpobal,10
1,ofigigh,7
1,rompu,5
1,hoifigegan,10
1,chothaíonn,10
1,dhálaí,6
1,cheannasaí,10
2,áisiúil,7
1,chosúla,7
1,hardstiúrthóirí,15
1,ceannasaithe,12
1,éagothrom,9
1,idirdhealaitheach,17
1,fhíricí,7
1,thagraíonn,10
2,gcaitear,8
1,dúnfar,6
1,seírbhísigh,11
1,dtagraíonn,10
1,chinntíonn,10
1,aithnítear,10
1,comhartha,9
1,tátal,5
2,buain,5
1,daonchairdiúil,14
2,mb’fhéidir,10
2,gcaithfí,8
1,cuimsithe,9
1,phráinn,7
5,ndán,4
1,dhícheall,9
1,tagraíodh,9
1,scíthe,6
1,vivendi,7
2,fíorthábhacht,13
1,thrasuíomh,10
1,orgán,5
3,cuiditheacha,12
1,muiníne,7
1,stiúrfar,8
1,ndéarfaidh,10
2,gcainteanna,11
1,d'iarrfadh,10
2,bhfreagairt,11
1,shainiúla,9
1,shuntasacha,11
1,cosaintí,8
2,bhreathnóirí,12
1,gcoinneoidh,11
1,ghealltanais,12
1,breathnóireachta,16
1,bhreathnóireachta,17
1,tráthúla,8
5,gabhann,7
1,cheanglaíonn,12
1,bhreithnithe,12
1,dearbhaíonn,11
1,tionscnaithe,12
1,grúpáilte,9
1,ndréachtaí,10
1,dhréacht,8
1,breithneofar,12
2,grinnscrúdaithe,15
1,dílis,5
1,iontaobhais,11
1,ndianchomhréir,14
1,comórtas,8
1,shlánchoimeád,13
1,hiarbhír,8
1,teileafón,9
1,chraobhscaoileadh,17
2,bhliaintúil,11
2,aps,3
2,déthaobhacha,12
2,ullmhúchán,10
1,leanúnacha,10
1,reachtachta,11
1,eopraigh,8
1,cumhdaíonn,10
1,dlisteanas,10
2,comhdhlúthú,11
2,forleithne,10
1,gcaomhnú,8
1,bíonn,5
1,lánfheidhmiú,12
3,gcuirfeadh,10
1,bhforálann,10
1,nglacfadh,9
1,oilfeadh,8
1,urramódh,8
1,bhreithúnacha,13
1,phríobháidigh,13
1,córa,4
1,thaifead,8
1,fuaime,6
2,físe,4
1,neamhchomhphobail,17
1,uastréimhse,11
1,gnóthú,6
1,ollmhór,7
1,thosaigh,8
1,fála,4
3,deonóidh,8
4,deimhniúcháin,13
1,athmhachnamh,12
1,gcuntar,7
2,forordaithe,11
1,dheimhniúcháin,14
1,measúnóidh,10
1,gearrfar,8
1,táirgeadh,9
1,tháirgeadh,10
1,deonú,5
1,mbraille,8
1,téip,4
1,ceangal,7
1,coinnithe,9
2,comh,4
1,dheireanaí,10
1,feidhmithe,10
1,oiriúint,8
1,stairiúla,9
1,slánchoiméad,12
1,ndoicimeád,10
2,réasúancha,10
1,cúraim,6
1,mórán,5
1,ainnmithe,9
1,ndálaí,6
1,d’aidhm,7
1,fichead,7
1,mbuil,5
1,dtuairimse,10
1,comhchruinniú,13
1,clabhsúr,8
1,lorgaíonn,9
1,dtoilíonn,9
1,ditheanas,9
6,mhonatóireacht,14
1,forfheidhmiú,12
3,fo,2
1,uasteorainn,11
1,íostréimhse,11
2,ndéileálfadh,12
1,bundoiciméad,12
2,caithfear,9
1,monatóireachta,14
2,neachreachtacha,15
1,coinb,5
1,hleachtaí,9
1,shíneadh,8
2,féintionsnaimh,14
1,d’iarrataí,10
1,ceal,4
2,uasmhéid,8
1,domhan,6
1,onnmhairithe,12
1,reachtú,7
4,gcomhionannas,13
2,ban,3
1,troid,5
1,chomhtháite,11
2,imeacha,7
1,beith,5
2,shaoisí,7
1,bhreithniúcháin,15
1,d’athchóiriú,12
1,tógtha,6
1,lántábhacht,11
1,cóngarach,9
2,teastaíonn,10
1,spreagfaí,9
1,tuairimíocht,12
1,choiteann,9
1,éascófaí,8
1,bhforbrófaí,11
3,tsineirgíocht,13
1,dtabharfadh,11
1,ilteangachais,13
1,héagsúlachta,12
1,áitiúil,7
1,athghaireann,12
1,spreagfaidís,12
1,chomhlántacht,13
1,d’fhreagracht,13
1,dtógáil,7
1,tairbheach,10
1,príomhéachtaí,13
1,gcomhthosaíochtaí,17
1,foláir,6
1,forléargas,10
1,chomhlánaíonn,13
2,comhdhearbhú,12
1,cóimisiún,9
1,díriú,5
1,thréithe,8
1,gcaitheann,10
1,dtríalóg,8
1,tríalóga,8
1,dtríalóga,9
1,tríalóg,7
1,rannpháirithe,13
1,chaibidilíochta,15
1,tríalóige,9
1,scáthrapóirtéirí,16
1,cheachtar,9
1,príomh,6
2,index,5
4,arabic,6
6,numerals,8
4,refer,5
41,to,2
7,rules,5
6,annexes,7
2,are,3
2,denoted,7
8,by,2
4,roman,5
39,and,3
10,or,2
2,letters,7
2,that,4
6,follow,6
2,them,4
2,sections,8
2,articles,8
2,paragraphs,10
2,these,5
4,access,6
6,chamber,7
6,documents,9
1,gallery,7
4,accession,9
3,negotiations,12
4,treaties,8
1,accounting,10
2,acp,3
2,acts,4
3,adopted,7
5,adjournment,11
13,debate,6
13,vote,4
2,admissibility,13
17,amendments,10
10,questions,9
23,for,3
4,written,7
5,answer,6
1,agencies,8
4,consultation,12
4,agenda,6
4,adoption,8
10,amendment,9
7,draft,5
2,final,5
1,inclusion,9
2,items,5
16,on,2
28,committee,9
2,allocation,10
1,seats,5
6,speaking,8
9,time,4
1,allowances,10
4,'s,2
9,position,8
9,proposal,8
1,consideration,13
7,plenary,7
3,compromise,10
2,deadlines,9
3,distribution,12
4,languages,9
3,lapsing,7
3,moving,6
4,oral,4
7,order,5
7,voting,6
1,printing,8
19,procedure,9
5,without,7
3,tabling,7
3,taken,5
3,over,4
2,withdrawal,10
5,annual,6
3,general,7
15,report,6
16,legislative,11
6,programme,9
4,application,11
8,community,9
9,law,3
1,anthem,6
1,appeal,6
3,procedures,10
2,appointments,12
7,central,7
7,bank,4
1,head,4
1,external,8
3,delegations,11
4,high,4
4,representative,14
7,cfsp,4
10,court,5
6,auditors,8
4,special,7
2,representatives,15
1,archives,8
3,assent,6
2,assistants,10
3,associated,10
13,committees,10
4,breaches,8
5,fundamental,11
3,principles,10
5,human,5
8,rights,6
5,democracy,9
5,rule,4
9,budget,6
1,control,7
1,implementation,14
6,discharge,9
1,examination,11
1,supplementary,13
1,bulletin,8
5,bureau,6
3,accountability,14
4,composition,11
6,duties,6
1,preliminary,11
5,censure,7
1,charter,7
1,closer,6
10,cooperation,11
3,between,7
7,member,6
4,states,6
3,see,3
3,enhanced,8
2,code,4
7,conduct,7
2,codification,12
3,legislation,11
1,comitology,10
8,election,8
7,up,2
3,implementing,12
6,powers,6
3,information,11
3,work,4
3,modification,12
4,motion,6
3,negotiating,11
4,mandate,7
15,president,9
1,nominated,9
6,rejection,9
3,request,7
6,opinions,8
1,resignation,11
9,statements,10
1,coordinators,12
2,regions,7
1,asked,5
1,opinion,7
1,chairman,8
6,conciliation,12
1,agreement,9
5,article,7
5,ec,2
1,conflicts,9
1,competence,10
4,corrigenda,10
4,dialogue,8
8,with,4
19,council,7
2,emergency,9
1,meeting,7
8,first,5
22,reading,7
11,joint,5
5,meetings,8
5,parliamentary,13
4,minutes,7
6,inquiry,7
4,responsibilities,16
3,question,8
5,referral,8
3,back,4
4,responsible,11
11,second,6
2,setting,7
3,standing,8
2,subcommittees,13
2,substitutes,11
1,temporary,9
6,third,5
3,venue,5
4,verification,12
4,credentials,11
8,common,6
3,foreign,7
2,security,8
4,policy,6
1,approval,8
1,communication,13
2,failure,7
2,act,3
2,recast,6
2,simplification,14
3,pursuant,8
2,declaration,11
4,sittings,8
2,standards,9
5,conference,10
2,chairs,6
2,delegation,10
6,presidents,10
2,conferences,11
2,parliaments,11
1,confidentiality,15
1,conflict,8
1,interest,8
2,constitutive,12
5,sitting,7
4,economic,8
2,social,6
3,bodies,6
4,police,6
4,judicial,8
4,criminal,8
4,matters,7
3,proposals,9
3,originating,11
9,from,4
2,state,5
3,renewed,7
2,convening,9
2,corruption,10
1,consultations,13
6,recommendations,15
2,europe,6
3,appointment,11
3,justice,7
3,proceedings,11
3,before,6
2,extension,9
3,roll,4
3,votes,5
2,split,5
4,closure,7
3,extraordinary,13
1,wind,4
2,statement,9
2,chair,5
2,interparliamentary,18
1,management,10
1,labour,6
2,decisions,9
3,other,5
1,disruption,10
1,outside,7
1,disturbances,12
1,immediate,9
2,measures,8
2,policies,8
6,quaestors,9
5,vice,4
5,officers,8
2,electronic,10
3,register,8
3,petitions,9
2,establishment,13
1,plan,4
2,secretariat,11
1,estimates,9
1,eurogroup,9
3,nominations,11
3,exclusion,9
2,explanations,12
1,finance,7
9,financial,9
1,compatibility,13
1,implications,12
6,interests,9
1,communities,11
1,protocol,8
11,agreements,10
5,stage,5
2,conclusion,10
1,flag,4
1,former,6
2,fraud,5
1,freedoms,8
1,governing,9
6,groups,6
2,activities,10
2,formation,9
4,legal,5
1,situation,9
1,changing,8
1,hearings,8
2,immunity,8
2,inadmissibility,15
6,initiative,10
2,own,3
1,inspection,10
1,files,5
1,intergroups,11
2,interim,7
3,interinstitutional,18
3,international,13
2,interpretation,14
1,interruptive,12
3,procedural,10
5,motions,7
3,resolution,10
3,text,4
1,justifications,14
2,basis,5
1,under,5
1,linguistic,10
1,finalisation,12
2,list,4
2,speakers,8
2,lobbyists,9
1,majorities,10
1,qualified,9
1,minimum,7
1,numbers,7
1,required,8
1,proposed,8
1,modifications,13
4,at,2
1,objection,9
3,not,3
2,distributed,11
2,all,3
2,official,8
2,postpone,8
2,dismissal,9
1,accessions,10
1,maintaining,11
1,action,6
1,brought,7
1,whether,7
1,determination,13
1,breach,6
5,political,9
1,objections,10
1,change,6
2,parties,7
2,level,5
2,requests,8
2,item,4
1,be,2
1,open,4
2,debates,7
2,quorum,6
2,suspension,10
3,urgent,6
2,resolutions,11
1,refusing,8
1,decision,8
1,fixing,6
1,new,3
1,maximum,7
1,rate,4
1,total,5
2,termination,11
2,early,5
4,office,6
1,expenses,8
4,non,3
3,attached,8
3,term,4
3,minority,8
1,monetary,8
1,motto,5
1,commissioners,13
1,designate,9
1,observers,9
1,one,3
1,minute,6
2,speeches,8
1,openness,8
2,transparency,12
2,business,8
1,assembly,8
1,part,4
2,sessions,8
1,passes,6
1,penalties,9
1,personal,8
4,verbatim,8
2,points,6
1,independent,11
1,eminent,7
1,persons,7
1,funding,7
1,recovery,8
1,amounts,7
1,wrongly,7
1,paid,4
1,technical,9
1,assistance,10
1,prevention,10
1,privileges,10
1,immunities,10
1,scrutiny,8
2,voluntary,9
2,simplified,10
1,proportionality,15
1,provisional,11
3,public,6
1,q,1
1,brief,5
1,concise,7
1,priority,8
2,unfinished,10
1,readings,8
1,broad,5
1,guidelines,10
1,following,9
1,postponement,12
2,relations,9
2,institutions,12
1,based,5
1,initiatives,11
1,representation,14
2,scientific,10
1,research,8
1,surveys,7
1,limits,6
1,recommendation,14
1,secrecy,7
1,secretary,9
2,sensitive,9
1,shadow,6
1,rapporteurs,11
1,short,5
1,presentation,12
1,signature,9
1,record,6
1,calling,7
1,nominee,7
1,study,5
1,fact,4
1,finding,7
1,missions,8
1,subsidiarity,12
1,supervisory,11
1,symbols,7
1,union,5
1,texts,5
1,countries,9
1,tied,4
1,transmission,12
1,process,7
1,unofficial,10
1,groupings,9
1,vacancies,9
1,collectively,12
1,disputes,8
1,right,5
1,show,4
1,hands,5
1,tie,3
1,validity,8
1,w,1
1,waiver,6
1,declarations,12
1,appended,8
1,included,8
2,http//wwweuroparleuint,22
15,xiviv,5
1,luaigh,6
1,fomhíre,7
1,chlosamhairc,12
1,e-/,3
1,liam,4
1,aylward,7
1,alde,4
1,fosaíochta,10
1,iniaimh,7
1,gceantair,9
1,nuáil,5
1,gnóthas,7
1,beag,4
1,meánmhéide,10
1,bponc,5
1,riamh,5
1,ghnóthais,9
1,bearnaí,7
1,easnaimh,8
1,chruthódh,9
1,spreagfadh,10
1,iniamh,6
1,ud,2
1,thion,5
1,fhreagraíonn,12
1,ainmneachas,11
1,déaga,5
1,eorpaighforáil,14
1,hardionadaí,11
1,gcheart,7
3,agallaimh,9
2,thríthaobhacha,14
1,nbiúró,6
1,phríomh,7
